-- наполнение БД тестовыми данными
SET FOREIGN_KEY_CHECKS=0;
-- users
TRUNCATE TABLE `users`;
INSERT INTO `users` VALUES
('1','Jennifer','Jakubowski','ewillms@example.com','1e3eb506a7b37f1aa951970bd4764c59','79781111111'),
('2','Webster','Fay','jaylen.tremblay@example.org','554734d07e174c6b84b303019660087c','897407'),
('3','Fay','Bode','zwyman@example.org','0f175a83152693c145b83e16b01d9553','2829166973'),
('4','Brionna','Homenick','fgraham@example.org','f5d49fdd89e730b1cccad34647c5f8d1','90345'),
('5','Lauryn','O\'Reilly','ruthe06@example.com','705b6cbc82695bff1f12b64f3b4f92b1','13535'),
('6','Wanda','Auer','aisha35@example.net','b12a43d500ee29816f7b78d64c6c3396','6282452'),
('7','Paolo','Rohan','nking@example.net','45215c32f0793f94d954dee26135ce6f','941452'),
('8','Stone','Osinski','karlie.bogan@example.com','85ef016073b1d15dc7ce0071229d7fde','852455'),
('9','Leila','Wuckert','mueller.kaitlin@example.com','287c69d0cf36060afca6ed48c3b9b6c9','522254'),
('10','Eleanora','Hyatt','emilie.crona@example.net','833eefbde1b934f99bf127410239f844','98'),
('11','Ludie','Goodwin','seth71@example.net','1de7d5b2a4c7146baf0f76a54c20c30c','112636'),
('12','Georgette','Rice','stanton96@example.com','8770637c3b289493bd189e6543eec3ff','408471'),
('13','Lesly','Schultz','obeier@example.org','a3703e148e16d8cdce5ee954e5b9e18a','234562'),
('14','Marcelo','Herman','nettie.leuschke@example.org','d888c2b88733c050c7c8bb19a3bef567','452567'),
('15','Tamia','O\'Hara','alycia28@example.com','5d2d64c550ccb03f14fe0db715df577f','864234'); 

-- profiles
TRUNCATE TABLE `profiles`;
INSERT INTO `profiles` (`user_id`, `gender`, `birthday`, `photo_id`, `created_at`, `hometown`, `occupation`) VALUES
('1', 'M', '1998-11-11', '1', '1973-05-26 02:08:50', 'Москва', 'Системный администратор'),
('2', 'F', '1981-12-14', '2', '1994-08-14 05:47:57', 'Новосибирск', 'Junior Python Developer'),
('3', 'F', '1971-06-09', '3', '2002-04-04 19:50:13', 'Новосибирск', 'Senior Python Developer'),
('4', 'M', '1997-08-28', '4', '1987-07-16 15:39:06', 'Симферополь', 'Senior Python Developer'),
('5', 'M', '2009-05-15', '5', '1977-04-27 16:20:52', 'Москва', 'Senior Python Developer'),
('6', 'F', '2004-09-29', '6', '1992-09-06 07:56:47', 'Симферополь', 'Senior Python Developer'),
('7', 'M', '2017-03-29', '7', '1999-08-20 19:58:35', 'Симферополь', 'Системный администратор'),
('8', 'F', '2006-04-25', '8', '2008-08-01 21:10:20', 'Москва', 'Senior Python Developer'),
('9', 'M', '1973-04-02', '9', '2007-06-24 04:56:45', 'Новосибирск', 'Системный администратор'),
('10', 'F', '2014-04-14', '10', '1979-02-05 23:15:02', 'Москва', 'Senior Python Developer'),
('11', 'M', '1972-05-31', '11', '2009-06-24 06:14:15', 'Симферополь', 'Системный администратор'),
('12', 'F', '1988-12-02', '12', '1973-04-27 23:49:16', 'Москва', 'Senior Python Developer'),
('13', 'F', '2018-12-05', '13', '1977-05-01 22:07:56', 'Симферополь', 'Senior Python Developer'),
('14', 'F', '2014-07-01', '14', '2000-11-07 09:32:02', 'Новосибирск', 'Senior Python Developer'),
('15', 'M', '1989-10-22', '15', '1987-05-15 18:49:44', 'Новосибирск', 'Senior Python Developer');

-- media
TRUNCATE TABLE `media`;
INSERT INTO `media` (`id`, `media_type_id`, `user_id`, `body`, `filename`, `size`, `metadata`, `created_at`, `updated_at`) VALUES
('1', '1', '1', NULL, 'ipsa.jpg', 868, NULL, '1994-07-24 05:10:44', '2017-02-13 13:38:38'),
('2', '1', '2', NULL, 'sut.jpg', 9475818, NULL, '2001-12-25 10:36:57', '1997-06-08 06:28:13'),
('3', '1', '3', NULL, 'doloremque.jpg', 215294, NULL, '1986-07-22 14:30:05', '1981-05-08 10:32:58'),
('4', '1', '4', NULL, 'volusptas.jpg', 79501876, NULL, '2014-02-05 15:02:58', '2020-02-11 14:53:47'),
('5', '1', '5', NULL, 'quwzi.jpg', 18, NULL, '2003-09-09 10:18:26', '2010-10-24 06:37:32'),
('6', '1', '6', NULL, 'oditv.jpg', 736490424, NULL, '2007-05-23 00:09:58', '2018-09-27 01:35:56'),
('7', '1', '7', NULL, 'facere.jpg', 82, NULL, '1985-09-14 05:50:45', '1991-01-16 20:01:54'),
('8', '1', '8', NULL, 'numdquam.jpg', 6292, NULL, '2011-09-24 05:53:13', '1974-07-30 12:37:36'),
('9', '1', '9', NULL, 'offidcia.jpg', 592, NULL, '2011-07-17 11:20:42', '1977-10-03 00:11:46'),
('10', '1', '10', NULL, 'auwst.jpg', 51920883, NULL, '2005-01-31 05:22:08', '1975-02-12 10:19:15'),
('11', '1', '11', NULL, 'iusto.jpg', 73, NULL, '2019-03-27 14:38:26', '1970-03-07 08:33:09'),
('12', '1', '12', NULL, 'doloremque.jpg', 43284114, NULL, '1970-09-29 00:48:46', '1994-10-17 18:59:22'),
('13', '1', '13', NULL, 'hicc.jpg', 17, NULL, '2013-04-14 18:34:19', '2003-07-14 14:33:51'),
('14', '1', '14', NULL, 'quzis.jpg', 699773, NULL, '1975-11-17 18:50:07', '2010-10-20 20:39:22'),
('15', '1', '15', NULL, 'quisds.jpg', 85, NULL, '1973-03-30 05:13:22', '1975-02-23 07:52:59');

-- media_types
TRUNCATE TABLE `media_types`;
INSERT INTO `media_types` (id, name) VALUES
(1,'foto'),
(2,'video'),
(3, 'music'),
(4, 'file'),
(5, 'post'); 

-- cvs
TRUNCATE TABLE `cvs`;
INSERT INTO `cvs` (`id`, `job_titile`, `created_at`, `updated_at`) VALUES
('1', 'Junior Python Developer', '2018-10-29 03:16:07', '1992-07-22 00:40:32'),
('2', 'aut', '1989-09-29 04:29:28', '1985-11-07 00:06:57'),
('3', 'tenetur', '1994-08-31 13:01:51', '1975-01-18 07:40:34'),
('4', 'vel', '2015-12-26 21:33:37', '2013-10-12 05:30:36'),
('5', 'saepe', '1975-09-17 15:39:03', '1975-02-08 12:45:58'),
('6', 'suscipit', '2010-04-02 10:33:41', '1995-07-24 19:05:13'),
('7', 'doloribus', '1988-06-26 14:26:03', '2013-11-14 17:18:01'),
('8', 'dolores', '1979-07-05 16:43:21', '1991-01-17 20:44:58'),
('9', 'corrupti', '1983-02-27 02:22:23', '2003-07-11 02:14:03'),
('10', 'exercitationem', '2005-04-11 13:44:13', '2010-01-26 07:08:39'),
('11', 'laudantium', '1985-11-24 11:19:58', '2019-02-20 05:00:07'),
('12', 'amet', '1980-04-30 04:49:19', '1976-12-05 15:22:54'),
('13', 'commodi', '1999-02-16 00:52:38', '1983-06-10 01:47:47'),
('14', 'saepe', '1987-07-07 23:48:55', '1973-12-29 11:25:49'),
('15', 'accusamus', '2013-04-16 15:45:14', '1971-11-09 08:24:09'),
('16', 'Sysadmin', '2012-04-16 15:45:14', '1972-11-09 08:24:09');

-- csv_education
TRUNCATE TABLE `cvs_education`;
INSERT INTO `cvs_education` (`id`, `cv_id`, `almamater`, `started_at`, `ended_at`, `description`) VALUES
('1', '1', 'placeat', '2003-04-11', '1973-05-12', 'Totam qui exercitationem aut saepe praesentium. Voluptatem aut velit nam dolorem ex et. Dolor quisquam aut et maiores sint. Ratione accusamus vel incidunt veritatis.'),
('2', '2', 'explicabo', '1984-12-05', '1999-12-16', 'Fugit vel dolor et reprehenderit error id. Quos architecto sint error quidem dolores ut. Iste maxime quidem molestias voluptatem labore aliquid. Distinctio nam eos voluptatem ratione non doloribus totam.'),
('3', '3', 'ipsa', '1973-10-18', '1978-09-22', 'Aspernatur laudantium repudiandae fugiat harum. Officia nemo hic architecto aut voluptatem illum ipsum. Impedit nisi sint hic reprehenderit adipisci.'),
('4', '4', 'aut', '2001-10-05', '2007-07-16', 'Accusantium quidem laboriosam maxime nisi omnis. Ab rem earum culpa. Hic eaque ad nam.'),
('5', '5', 'tempora', '1982-11-27', '1988-09-18', 'Placeat aliquid optio impedit qui. Placeat nulla facilis nam aliquid. Aspernatur qui aut voluptatem.'),
('6', '6', 'rerum', '1988-01-22', '1977-05-13', 'Itaque quis non sint vel cupiditate maxime recusandae. Eos distinctio nobis eos et ducimus inventore. Fugit necessitatibus distinctio velit rerum debitis consequuntur.'),
('7', '7', 'dolores', '1984-03-11', '1986-09-18', 'Animi animi voluptatem voluptatem quia aut in sint. Velit eum dolor explicabo in laboriosam dignissimos aspernatur.'),
('8', '8', 'corporis', '2007-03-06', '1977-07-28', 'Sapiente deleniti repudiandae rerum corporis atque laborum quam in. Vero et accusantium non et. Et eaque ut ad maxime.'),
('9', '9', 'vero', '1993-02-12', '1992-07-19', 'Dolores et facere et dolor. Tempora dolores quod laborum ipsum rerum qui. Aut accusamus in ex. Quis ullam et excepturi non dolorem hic minus.'),
('10', '10', 'odio', '1992-06-15', '1984-05-15', 'Voluptate facilis eius cum eaque neque. Ut reiciendis ratione nostrum sint et consequatur. Et omnis deserunt possimus maxime ut consequuntur dolores.'),
('11', '11', 'veritatis', '2018-07-18', '2005-02-17', 'Ad eaque repudiandae praesentium atque quod suscipit et quo. Vel facere a laborum sit nemo quae omnis. Rerum animi exercitationem quia corrupti minima repudiandae. Aut ut ea laborum fugit quia cum.'),
('12', '12', 'quo', '2000-07-27', '2004-04-30', 'Qui dolores ullam harum dolores ab veniam facilis. Dolor sed impedit nemo dolore. Vitae corrupti molestiae modi doloribus eum ratione pariatur id. Voluptas qui temporibus suscipit corporis qui ut. At consequatur eos omnis at.'),
('13', '13', 'voluptate', '1975-05-06', '2014-05-22', 'Vel quod suscipit labore similique omnis. Sapiente cumque repellat iusto ullam. Consectetur voluptatem assumenda et sapiente nam minima.'),
('14', '14', 'autem', '2014-06-20', '2003-04-03', 'Sapiente minus qui consequuntur autem possimus dolores nobis officiis. Ut consequatur sapiente eius id omnis ea. Aut deleniti sit consequatur sint alias dolorum harum. Et quia ab molestias aspernatur voluptas molestiae saepe.'),
('15', '15', 'ipsum', '1978-03-15', '1988-05-10', 'Inventore aperiam explicabo dolor sunt. Ex dolores harum id fugiat quidem consequatur sed. Laborum et laborum sint nisi.'),
('16', '16', 'МГУ', '1997-10-24', '2003-10-24', 'Laboriosam reprehenderit earum ipsum aut repellat tenetur suscipit. Veritatis labore inventore voluptatem non. Est est facere deserunt id. Eveniet libero harum perspiciatis neque excepturi.'),
('17', '17', 'aliquid', '1983-02-03', '2006-06-16', 'Voluptas voluptatem temporibus iusto sed culpa non. Nostrum minima quia error reiciendis officia. Consequatur libero mollitia iure.'),
('18', '18', 'sint', '2011-11-27', '1981-01-31', 'Sapiente nobis laborum cupiditate tenetur. Adipisci quidem ullam mollitia repudiandae voluptate in minus. Nam et culpa nam quo omnis est ducimus architecto.'),
('19', '19', 'enim', '1980-04-19', '1990-03-16', 'Ad et eaque distinctio illo. Quo nam nobis fugit corrupti aut rerum at temporibus. Dicta excepturi rerum veniam et. Ut doloribus magnam nulla reiciendis animi beatae voluptates.'),
('20', '20', 'soluta', '2013-04-15', '1973-06-14', 'Aperiam et maiores sed aut ut perspiciatis. Vitae provident ratione ea aperiam. Explicabo enim quibusdam alias id qui ad libero.'),
('21', '21', 'omnis', '2011-09-02', '1983-03-27', 'Placeat blanditiis velit quidem delectus molestiae incidunt sit et. At aut modi beatae totam quia accusamus. Quisquam et debitis pariatur quis mollitia rerum.'),
('22', '22', 'molestiae', '1996-10-02', '1997-11-30', 'Delectus blanditiis architecto vel aut est ipsam sit. Enim id qui voluptatem laudantium quisquam ex. Ut maxime occaecati ut.'),
('23', '23', 'error', '2013-07-03', '1981-10-25', 'Distinctio maiores est at. Doloremque eveniet eos ut minus et. Ut ex itaque perspiciatis nesciunt. Dolorem eos dolore voluptatibus corporis voluptatem.'),
('24', '24', 'voluptatem', '2019-02-14', '2011-03-19', 'Tenetur nostrum optio numquam aliquid odit doloribus eligendi qui. Rerum possimus voluptatem iste et at. Mollitia explicabo eius dolor error repellat est accusamus sed. Quia ex quia beatae. Qui nesciunt enim voluptas aperiam delectus.'),
('25', '25', 'magnam', '1991-11-12', '1987-02-04', 'Ipsam qui beatae eius est voluptas aliquam vitae. Hic et sed officia officia dignissimos. Sit voluptas ea expedita reiciendis omnis voluptates. Itaque ad maxime nobis magnam ad dicta culpa.'),
('26', '26', 'aut', '1976-02-16', '1979-01-06', 'Quia rerum vitae rerum tempora debitis accusamus. Asperiores nostrum voluptatum impedit autem. Corporis ullam dignissimos nemo voluptas ab error qui.'),
('27', '27', 'est', '1992-09-20', '1977-04-13', 'Id incidunt architecto dicta porro et quae hic. Libero consectetur non mollitia natus voluptatum aliquam. Officia sit quo placeat dolores sit. Sint omnis saepe autem perferendis. Ex architecto iusto et est velit.'),
('28', '28', 'saepe', '1975-11-27', '1997-05-23', 'Et tempore delectus a non sit vel consectetur. Eaque sequi aliquid non qui.'),
('29', '29', 'eos', '2004-03-10', '2016-10-24', 'Quos et vero facilis inventore similique id ut et. Incidunt qui quisquam repellendus voluptas illum dicta. Provident ut voluptate facere quis.'),
('30', '30', 'adipisci', '2019-01-20', '2001-08-30', 'Sapiente nulla rerum possimus voluptas quod dignissimos rerum. Assumenda sed dolor veritatis placeat. Aliquam consequatur magnam sed odit est corporis.'),
('31', '1', 'reiciendis', '2002-10-25', '1987-04-26', 'Ullam qui iusto ex quidem impedit qui. Eveniet maxime in in voluptatem. Aliquid a atque corporis quis labore.'),
('32', '2', 'reiciendis', '1987-03-22', '2012-10-28', 'Provident enim voluptas aspernatur eum et. Inventore adipisci deleniti rerum dolor maxime. Eum non vitae et porro autem dolorem qui.'),
('33', '3', 'ut', '2004-07-03', '1977-07-29', 'Tempora tenetur consequatur sapiente non. Rerum mollitia corporis quidem molestiae fuga amet. Mollitia explicabo sed quae optio cupiditate. Laudantium quo ut numquam non ut ad quam.'),
('34', '4', 'accusamus', '1993-01-18', '2017-08-23', 'Ut non blanditiis praesentium quibusdam rerum. Itaque amet vero ab porro magnam quo sit. Eligendi et nam dignissimos error. Enim quia enim sint quos iure.'),
('35', '5', 'voluptate', '1985-06-29', '1986-09-30', 'Qui laborum velit cumque aut voluptatum. Itaque quod reiciendis dicta et. Impedit praesentium optio incidunt ut commodi.'),
('36', '6', 'vero', '1971-11-24', '2012-12-12', 'Est dignissimos velit est praesentium. Et minima inventore atque dolores optio fugiat. Ut est eligendi dolore.'),
('37', '7', 'modi', '1990-12-14', '1985-04-19', 'Voluptates minima consequatur et sint fugit molestias. Suscipit corrupti sit at et. Non consequuntur voluptatibus et illo placeat quam rerum. Quis non consequatur odio temporibus architecto quisquam sapiente.'),
('38', '8', 'corporis', '1999-06-22', '1983-11-16', 'Repellat aut sint ut. Adipisci modi doloremque sed temporibus. Nam nisi molestiae deleniti quos labore quos nostrum. Accusamus cumque iure non.'),
('39', '9', 'consequatur', '2019-03-17', '1995-12-08', 'Temporibus ut et dolore reiciendis facere officiis doloribus. Quia dolores facilis sunt.'),
('40', '10', 'repudiandae', '1997-10-06', '1989-11-16', 'Rerum consectetur voluptates aliquam omnis. Sit sed fugiat illo.'),
('41', '11', 'voluptas', '1999-03-13', '1971-01-23', 'Maiores vitae consequuntur omnis ut voluptates fugit optio. Voluptas voluptatibus ipsam facere autem. Reprehenderit illum molestiae tenetur assumenda dolorum exercitationem at. Ut aut dolores laboriosam quaerat.'),
('42', '12', 'cupiditate', '1983-01-28', '2018-06-05', 'Et qui mollitia qui minima aut expedita magni rem. Et in voluptatem et enim odio rerum odio velit. Beatae alias dolorem nemo veniam asperiores harum. Ipsam est libero assumenda nihil tempore dicta assumenda.'),
('43', '13', 'tenetur', '2006-10-26', '1976-04-04', 'Cum temporibus consequatur et deserunt iste. Vel est voluptatem non dignissimos. Qui vel quo harum officiis voluptas. Necessitatibus maxime pariatur commodi a.'),
('44', '14', 'asperiores', '1990-08-18', '2009-08-15', 'Incidunt quidem beatae dolore non aut aut. Facilis consequuntur et quis doloremque dolore.'),
('45', '15', 'blanditiis', '1994-02-19', '1972-05-12', 'At sunt perspiciatis et quam tempora amet magnam. Qui eum et ullam qui soluta quos ut. Iste illum repellat exercitationem similique facilis quisquam. Vitae eos voluptas consequatur officiis officiis.'),
('46', '16', 'СТРП', '2003-10-24', '2006-10-24', 'Consequatur et incidunt autem. Numquam eaque animi et quisquam. Eligendi officia necessitatibus dolorum molestiae corporis optio quia. Expedita esse eos eum doloribus beatae.'),
('47', '17', 'beatae', '1998-11-26', '1975-04-07', 'Non sit eos amet. Distinctio et repellat nesciunt. Odit veritatis ipsa reprehenderit ipsum ducimus eos nemo eos.'),
('48', '18', 'id', '1979-11-27', '2003-04-03', 'Et fugiat quia voluptatem quas doloremque et mollitia recusandae. Ea voluptatibus sed velit. Eos omnis aperiam rerum maiores omnis minus magni. Ut ut facere sint.'),
('49', '19', 'ullam', '1993-03-22', '1989-01-04', 'Ex error quos nisi necessitatibus beatae maxime. Cupiditate et minima rerum eius. Quas nostrum atque non architecto a.'),
('50', '20', 'minima', '2002-09-29', '1982-02-23', 'Rerum labore sit voluptatem voluptates excepturi omnis. Id facere qui autem et nihil veritatis esse aspernatur. Recusandae neque quod et non quia praesentium tenetur.'),
('51', '21', 'qui', '1975-07-30', '1986-02-02', 'Voluptates asperiores iusto harum id sunt et omnis. Blanditiis eius velit magnam consequatur saepe porro. Qui dignissimos perferendis odio magni vel mollitia eligendi. Temporibus itaque autem ab illo ut et dicta.'),
('52', '22', 'in', '2001-02-15', '1972-07-30', 'Fuga qui esse illum ut sit laudantium quia. Tempore dicta aut error. Aut animi expedita rerum at aut. Assumenda animi enim consequuntur tenetur qui in voluptatum.'),
('53', '23', 'in', '1990-01-24', '2018-04-12', 'Ex voluptates eius enim placeat corrupti. Sapiente velit deserunt magni cum et. Accusamus fugiat porro minus facilis fugit. Rerum dolorum enim harum possimus labore. Tempore dolorem et vero et.'),
('54', '24', 'quod', '2012-02-28', '1970-11-20', 'Et aut animi aliquid. Recusandae est sed ut dolores. Dolor voluptatem non exercitationem.'),
('55', '25', 'qui', '1998-12-29', '2016-05-14', 'Sapiente sapiente tempore ut ut itaque. Est vero eum nihil ad consequatur repellat. Asperiores repellendus sint aspernatur eos voluptas odit aut.'),
('56', '26', 'explicabo', '1984-07-27', '1998-09-07', 'Tenetur non culpa nesciunt sed nulla in. Doloremque a ipsum quia quam distinctio pariatur. Aliquam voluptatem esse perspiciatis. Neque est magni a officiis corporis numquam consequatur fugiat. Quia repellendus rerum consequatur doloribus.'),
('57', '27', 'magnam', '1991-06-21', '2012-03-22', 'Quia in quae maxime. Tempora rem dolor quidem nisi ut. Vitae enim sed eligendi tempora.'),
('58', '28', 'dolore', '1985-09-02', '2006-12-13', 'Fugiat enim libero similique ab perspiciatis. Iusto nemo iure fugit officiis non. Omnis sapiente recusandae earum autem est excepturi pariatur doloremque.'),
('59', '29', 'distinctio', '1984-06-25', '1971-07-23', 'Blanditiis ut natus id quae. Eum laudantium repellat reprehenderit optio molestiae debitis occaecati. Ipsa voluptatum nobis nobis minus sed.'),
('60', '30', 'vel', '1992-12-03', '2008-10-11', 'Iure quibusdam non ipsam omnis. Similique sit reprehenderit explicabo. Porro repellendus libero voluptate repellat.'),
('61', '1', 'id', '1997-04-27', '2009-10-26', 'Tempore est quidem sit dolores autem nisi quas. Voluptatem ab sequi illum hic.'),
('62', '2', 'et', '2015-06-16', '1991-08-14', 'Ab nihil fugit quibusdam ut excepturi. Consequuntur tenetur animi ea accusamus vitae libero maxime. Facere voluptates omnis adipisci eveniet aliquid omnis perspiciatis.'),
('63', '3', 'iste', '1986-10-09', '2019-12-09', 'Soluta et maxime nulla vitae illum velit aut. Sit est et quas adipisci est fugit est laboriosam. Ut reprehenderit hic quo consequatur iure voluptatem. Id ducimus sed veritatis voluptas iure eligendi quia.'),
('64', '4', 'reprehenderit', '2011-04-11', '2010-06-26', 'Quia commodi dicta a cum aperiam in tempore architecto. Dicta id sed aut quos natus. Laboriosam est sunt sed non.'),
('65', '5', 'quae', '1971-05-04', '1982-01-10', 'Distinctio sit itaque sed quo labore eos aut quia. Ipsam sit commodi voluptate omnis soluta temporibus natus natus. Qui blanditiis consectetur vitae consequuntur non voluptatem deleniti reprehenderit. Nostrum nobis ut vel et quia.'),
('66', '6', 'quia', '1983-09-28', '2011-05-10', 'Aliquam vitae qui qui delectus voluptatibus. Vitae voluptate magnam ut officia illo. Tempore recusandae omnis quam molestias rem officia. Et consequuntur voluptates sit reprehenderit.'),
('67', '7', 'rem', '2006-03-17', '2017-04-09', 'Maxime eos ut maxime excepturi. Ab cupiditate et nihil accusamus libero animi. Et debitis quas rerum non itaque.'),
('68', '8', 'placeat', '2001-01-31', '2018-05-03', 'Ex quaerat qui animi nihil. Voluptatum nam minus magni sunt placeat enim officiis voluptatem. Cum praesentium ex et non error. Quisquam est deserunt enim officia laborum officiis dolor amet.'),
('69', '9', 'et', '2007-11-18', '2014-06-13', 'Eum et omnis officia dolorum error. Sit eaque totam quisquam voluptas eum. Itaque nisi mollitia sunt amet.'),
('70', '10', 'velit', '2004-11-29', '2014-01-30', 'Sed placeat incidunt ad veniam assumenda. Perferendis minus reprehenderit hic et ex quidem recusandae. Magnam ad minus voluptatem rem aut.'),
('71', '11', 'ut', '1979-04-09', '1972-08-05', 'Molestiae eaque laboriosam quia occaecati tenetur corporis architecto. Similique doloremque repellat dolorem sunt distinctio repellendus reprehenderit blanditiis. Qui repellat expedita ea sed et.'),
('72', '12', 'incidunt', '1989-02-27', '1979-01-14', 'Sit eum quo porro dolor reprehenderit alias est quia. Et molestiae nihil earum praesentium exercitationem est quas. Est ipsa sed numquam mollitia assumenda quisquam. Quaerat ex illo perspiciatis et et.'),
('73', '13', 'saepe', '2011-07-20', '1992-06-30', 'Et similique ipsa cumque et ut vero. Qui commodi error aut ut voluptatum aut. Vel ratione praesentium ut placeat sunt sunt. Atque sint placeat quae sit qui esse.'),
('74', '14', 'eum', '1994-03-14', '1985-06-29', 'Illum quaerat autem temporibus inventore sapiente. Est qui et voluptatum laborum blanditiis qui nulla. Nihil nulla debitis officia consequuntur voluptatibus quod autem.'),
('75', '15', 'praesentium', '1999-10-21', '2001-12-25', 'Autem culpa autem odio culpa nesciunt. Nostrum architecto sit rem adipisci quae. Ut animi fuga similique voluptates aliquid.'),
('76', '16', 'МФТИ', '2006-10-24', '2009-10-24', 'Non veniam et cupiditate et et saepe explicabo. Debitis iure non neque nihil accusantium nam in. Sequi dolor facere provident nostrum et nostrum autem est.'),
('77', '17', 'itaque', '2006-08-20', '1985-11-16', 'Vel rem optio ratione aut enim. Qui consequatur qui saepe animi. Sit quisquam et culpa aut at. Quis consequatur aspernatur alias sunt hic tenetur.'),
('78', '18', 'fugiat', '2003-06-07', '1970-11-15', 'Atque cupiditate voluptatem dolor necessitatibus quisquam itaque. Dolores unde tempore dolores doloribus. Asperiores ut soluta ducimus reiciendis voluptas.'),
('79', '19', 'sequi', '1983-02-22', '1995-01-11', 'Cum quisquam dolore harum aperiam. Ab ipsum repellat quod temporibus aut dolorem consequatur dicta. Maiores omnis reprehenderit ut qui earum. Nulla distinctio voluptatem aut beatae et molestiae fuga.'),
('80', '20', 'alias', '2003-08-01', '1998-11-15', 'Et placeat voluptatem deleniti. Et et dolor temporibus reiciendis eum tempore nulla mollitia. Et qui et et similique laudantium ad.'),
('81', '21', 'voluptatem', '2016-01-22', '1978-08-27', 'Cumque voluptates eveniet doloremque iusto incidunt et. Dolorum rerum fugiat voluptatem vero. Sit ab praesentium temporibus amet et ut voluptatem.'),
('82', '22', 'eligendi', '2012-06-03', '1974-06-30', 'Nihil iure nisi perferendis odio aliquid omnis. Iure ipsa pariatur magnam illum ut quae. Beatae optio excepturi omnis quo ipsum nihil.'),
('83', '23', 'qui', '2015-10-25', '1991-08-23', 'Voluptas ex est corporis nihil eveniet. Et suscipit officiis necessitatibus eveniet est veritatis. Saepe officiis eius inventore quia veniam.'),
('84', '24', 'dolores', '1989-01-11', '2005-08-08', 'Aut illum quo cum nostrum id sapiente pariatur. Blanditiis atque ut quos sequi est. Praesentium quis dignissimos adipisci autem. Maxime magni excepturi quae iure ea aut.'),
('85', '25', 'placeat', '1974-06-23', '2012-11-02', 'Quo ullam ut tempora quia non nisi. Unde ea aut et dignissimos veritatis velit. Voluptatem quo nihil cum amet nesciunt nobis est.'),
('86', '26', 'quas', '1996-01-23', '1990-01-11', 'Dolorem et quasi assumenda quia sit. Aut repellat sed quasi et. Quo consequatur cupiditate omnis fuga omnis molestiae sit voluptas. Qui eum minus numquam accusantium.'),
('87', '27', 'reprehenderit', '2019-06-05', '1973-04-28', 'Quos laborum est aut quis impedit dicta magnam. Expedita repellendus molestiae asperiores porro doloribus saepe et. Repellendus magnam molestiae omnis accusantium consectetur consectetur.'),
('88', '28', 'ut', '1994-12-01', '2008-04-15', 'Odio dignissimos nostrum sed quas nesciunt nihil sit dolorum. Dolores similique consequatur quia ut consequatur praesentium. Ut odio voluptatem consequatur nisi.'),
('89', '29', 'sapiente', '1979-02-08', '1980-02-14', 'Cumque fugit magnam voluptas quia sed qui. Quis laboriosam iure earum voluptatem distinctio et qui. Numquam distinctio aut nihil pariatur sed perspiciatis. In voluptate qui sed tempore ipsam.'),
('90', '30', 'nesciunt', '2019-05-30', '2014-07-20', 'Quos facere sit sint recusandae et ut ratione. Quia architecto dolore impedit rem maxime eveniet deleniti. Totam quos corporis placeat. Ut sed rerum aut.'),
('91', '1', 'laboriosam', '1978-08-08', '2017-03-26', 'Fugit nostrum aperiam voluptatem quasi minima qui. Quam numquam animi minima sequi harum. Est dignissimos sint excepturi dolores non.'),
('92', '2', 'tenetur', '1974-07-21', '2016-02-16', 'Et distinctio et velit. Libero molestias mollitia sint aut rerum ut. Quidem et sed facilis quia. Beatae cupiditate eligendi sed unde incidunt consequatur.'),
('93', '3', 'tempore', '1975-10-08', '1995-08-28', 'Excepturi debitis facere numquam eum. Delectus adipisci omnis et fuga deleniti tempore ratione sit. Itaque vitae ab molestias quaerat. Consectetur ipsa harum dolores cumque accusantium voluptate.'),
('94', '4', 'praesentium', '1983-03-10', '1974-02-01', 'Eum architecto repudiandae ea voluptas praesentium dolor sed sint. Quaerat et incidunt voluptas molestiae quae. Odit eligendi rerum dolores temporibus et. Nihil quia laudantium aut commodi est placeat.'),
('95', '5', 'nam', '1985-02-04', '2015-02-19', 'Praesentium quae ullam debitis error facere adipisci minus. Voluptatem est facilis error. Quo ad nostrum voluptatem veniam id culpa. Et dolore qui et perspiciatis qui. Magni sed id molestias tenetur.'),
('96', '6', 'fugit', '2008-01-14', '1992-07-04', 'Inventore est optio quia molestiae aperiam odit. Accusantium minus autem omnis id ut saepe. Non possimus aliquid dolor. Quia excepturi dignissimos molestiae perferendis. Aut a cum voluptatem qui accusantium laboriosam.'),
('97', '7', 'architecto', '1987-07-01', '1981-03-15', 'Odio distinctio eaque accusantium non deleniti at eos. Odio voluptatem blanditiis dolor eum rem voluptates quod nulla.'),
('98', '8', 'expedita', '1994-11-16', '2007-09-29', 'Sed ipsa incidunt nobis assumenda maiores aperiam fugit. Non dolorum omnis nihil culpa autem. Voluptas hic officiis consequatur autem eum eos. Earum blanditiis qui animi voluptatem autem doloremque.'),
('99', '9', 'commodi', '1974-10-01', '1972-06-08', 'Sint fugiat est cupiditate atque officiis voluptas. Excepturi magni quaerat earum inventore eveniet sed sed. Deserunt ipsum quia quia deserunt fuga eveniet et.'),
('100', '10', 'voluptatem', '1974-03-09', '1971-01-31', 'Iure repellat deleniti blanditiis natus magni. Sit et rerum et distinctio deleniti explicabo.');


-- cvs_experience
TRUNCATE TABLE `cvs_experience`;
INSERT INTO `cvs_experience` (`id`, `cv_id`, `job_name`, `started_at`, `ended_at`, `description`) VALUES
('1', '1', 'atque', '1983-07-08', '1988-12-12', 'Reiciendis optio voluptate quia aperiam in. Veniam molestiae nobis quisquam voluptates aut. Nam atque ut officiis est non aut molestiae.'),
('2', '2', 'illo', '1976-06-25', '2007-03-29', 'Et molestias doloribus rem a odio veritatis numquam. Non error doloribus officiis illo culpa qui. Quia numquam odio assumenda voluptatibus reiciendis laboriosam blanditiis.'),
('3', '3', 'et', '1983-09-24', '1970-02-04', 'Hic fuga error ut non et. Distinctio aut quia delectus. Eveniet iure perferendis recusandae error sunt sint earum.'),
('4', '4', 'itaque', '2008-10-02', '1989-12-13', 'Sit aut ut quia repellendus assumenda veritatis consequatur. Iure voluptatem quisquam consequatur. Possimus excepturi esse possimus.'),
('5', '5', 'error', '1997-02-12', '2014-06-03', 'Eum maiores architecto velit quisquam omnis et quasi accusantium. Ut sit at rem placeat. Nam labore quis minus laudantium nesciunt libero.'),
('6', '6', 'incidunt', '1979-06-15', '2004-01-30', 'Consequatur qui commodi vel corrupti blanditiis. Est cum temporibus quis doloremque.'),
('7', '7', 'aut', '1991-03-18', '1978-10-15', 'Debitis deserunt autem aut quia dolorem accusantium sequi. Non qui quia reprehenderit suscipit ab porro. Consequatur ea est fugiat iste voluptas tenetur et. Eaque nostrum exercitationem aliquid ea.'),
('8', '8', 'aperiam', '2004-08-29', '2010-08-04', 'Officia voluptatum animi vitae aut. Et quod nesciunt rerum et blanditiis. Esse unde sed iste nihil amet enim.'),
('9', '9', 'laboriosam', '1994-05-26', '1989-07-25', 'Autem rerum ea ut ad. Optio accusamus id aut neque aut animi nam. Consequatur accusamus voluptatem atque adipisci maiores omnis sit voluptatum. Omnis accusamus itaque voluptate ipsam animi.'),
('10', '10', 'qui', '2003-08-13', '1998-01-28', 'Sit error enim molestiae architecto ut dolore deleniti. Nihil voluptatem temporibus reiciendis dolorem sed. Omnis qui esse id est officiis ut vel.'),
('11', '11', 'voluptatem', '2008-07-21', '2006-06-25', 'Et blanditiis placeat ad sit similique et et. Velit sit aliquid ut consequatur qui. Magnam aut et dolores repudiandae.'),
('12', '12', 'ipsam', '2010-03-11', '1978-08-06', 'A hic quas quam in. Omnis odit amet esse suscipit sit nesciunt dignissimos.'),
('13', '13', 'officiis', '1991-03-10', '1978-01-03', 'Mollitia et consequatur libero. Nihil dicta similique quis. Quis ut ipsum possimus laborum doloremque. Quam rem perferendis est ducimus.'),
('14', '14', 'maxime', '2006-07-28', '1983-07-01', 'Ex non est et dolor temporibus at. Corrupti ducimus consequatur omnis quo vero facilis. Quas omnis et sint perferendis.'),
('15', '15', 'adipisci', '1982-06-21', '2005-03-03', 'Voluptates et rerum quis aut. Et necessitatibus dolorem soluta dolor id veniam. Qui ratione eum iste expedita sit natus. Asperiores vel libero ratione excepturi.'),
('16', '16', 'НПК Энергия', '2012-03-22', '2015-03-22', 'Cum sequi harum veniam. Saepe recusandae possimus aut necessitatibus id voluptatibus sit. Rerum sed voluptates soluta velit. Repudiandae hic hic et iure consequatur quis reiciendis.'),
('17', '17', 'enim', '2012-06-29', '1980-10-20', 'Dolores quo non incidunt velit aut placeat quia. Non pariatur sed enim quibusdam sunt maiores. Rerum nobis sed facere dolores in. Maiores molestiae omnis exercitationem.'),
('18', '18', 'nisi', '1990-03-22', '1982-09-30', 'Culpa voluptatem aspernatur tempore natus minus sed aperiam. Incidunt a sint quae recusandae. Hic a veritatis iure animi.'),
('19', '19', 'qui', '1989-05-25', '2005-10-19', 'Culpa sapiente voluptates sed ut sed soluta sequi. Quidem reprehenderit eos saepe quos aut quam voluptates. Occaecati natus sunt reiciendis illum tempora deserunt.'),
('20', '20', 'quas', '1975-03-22', '1986-10-31', 'Quis velit tenetur ratione libero. Sit ipsam repudiandae et culpa et. Non velit consequatur aliquid nesciunt praesentium voluptatum.'),
('21', '21', 'est', '1973-10-02', '2003-02-23', 'Quia tenetur est ut dolores quae et est. Natus aut maxime sequi eum dolores. Facere aliquid assumenda molestiae quas saepe porro.'),
('22', '22', 'nisi', '1991-12-28', '1980-05-07', 'Ipsam iste eaque dolorem saepe dolor excepturi commodi. In perspiciatis iure illum quis modi asperiores illum. Repellat consequatur qui ea mollitia eum ad.'),
('23', '23', 'a', '1988-11-26', '2017-01-18', 'Soluta eum maiores et. Libero nihil sed suscipit iure maxime eum omnis. Consectetur voluptas officiis doloribus repellendus omnis magni recusandae. Omnis velit porro dolor eaque. Culpa ipsam autem qui harum qui corporis.'),
('24', '24', 'perferendis', '2012-12-11', '2010-10-20', 'Totam quia commodi autem ullam numquam. Dolores in eos occaecati sapiente. In neque accusamus illum. Voluptas non libero dolorem et fugit.'),
('25', '25', 'id', '2018-01-17', '2010-11-28', 'Repellat qui quis atque mollitia eos qui. Qui tenetur ea ut quos. Laudantium ut nihil ut praesentium id sint. Atque iusto ea dolores voluptatem commodi aut.'),
('26', '26', 'saepe', '1971-11-24', '2004-01-07', 'Dolores accusantium ex qui qui ad necessitatibus. Itaque sed ipsa nemo corrupti. Temporibus ut amet qui. Autem et consequuntur soluta natus voluptate omnis nostrum. Corporis aliquid id pariatur expedita dicta molestias.'),
('27', '27', 'quia', '2004-10-24', '1977-11-10', 'Officiis voluptas aliquam expedita accusamus adipisci et. Qui voluptatem iusto sint ullam repellat voluptas omnis. Esse ipsam consequuntur nihil saepe.'),
('28', '28', 'esse', '2017-08-28', '1995-01-01', 'Est illum id sapiente eum. Quas nesciunt doloribus facilis alias est quisquam natus nesciunt. Beatae ut iusto et explicabo dolore repellat. Autem officiis minus quaerat dolor.'),
('29', '29', 'illum', '2010-08-06', '1975-09-30', 'Et rerum vel quas harum. Sed deleniti tempore ea cumque ea fugiat hic. Aliquid adipisci consectetur rerum molestiae.'),
('30', '30', 'non', '1992-10-27', '1975-02-19', 'Atque voluptates itaque laborum hic. Dolores beatae explicabo vero fuga fugit asperiores occaecati cupiditate. Iure molestiae magnam enim ut. Repudiandae optio enim nam omnis et rerum mollitia.'),
('31', '1', 'qui', '2001-06-06', '1979-08-03', 'Magnam officia perspiciatis natus minus autem magnam. Alias officia maxime eos modi quidem optio nesciunt. Dolore qui voluptatem odit voluptatem quo.'),
('32', '2', 'minima', '1988-11-06', '2014-09-07', 'Laborum saepe ipsum est ipsa ad ea quia. Ut rerum voluptate hic optio accusantium. Aliquid consequatur voluptatibus magni possimus.'),
('33', '3', 'minima', '1999-11-04', '2011-01-11', 'Omnis voluptate officiis deserunt iste. Est quaerat quia aliquid unde porro exercitationem. Dolores eaque velit perspiciatis minus ipsa et fuga.'),
('34', '4', 'quas', '2011-08-02', '1990-11-10', 'Perspiciatis nam magni quam ab omnis necessitatibus commodi. Aperiam qui ipsum commodi a ut fugit quibusdam et. Perspiciatis in sapiente saepe porro doloremque nobis.'),
('35', '5', 'tempore', '1996-11-21', '2017-01-26', 'Qui ad praesentium necessitatibus laborum quasi. Alias quo vel eos vel ut.'),
('36', '6', 'est', '1977-05-08', '1991-11-11', 'Porro dolorem nesciunt tenetur sunt quia rem et autem. Accusantium voluptatem ea sed harum consequatur incidunt itaque. Commodi velit repudiandae non optio fugit. Voluptate ut cum ullam laboriosam porro debitis quia.'),
('37', '7', 'consequatur', '1997-05-12', '2016-02-19', 'Quaerat quod tempora voluptas saepe recusandae. Omnis consequatur aut placeat. Dicta sed et cum rem fugiat ad veniam. A incidunt et explicabo et fuga fugit.'),
('38', '8', 'id', '1995-09-17', '2018-01-17', 'Quis non eius eveniet omnis cum. Ut aspernatur quisquam nisi labore corrupti consequatur voluptas quo. Quis sit qui atque sunt veniam modi sint. Sed omnis asperiores optio.'),
('39', '9', 'corrupti', '1988-11-20', '1985-10-04', 'Explicabo molestiae deserunt perferendis aut blanditiis. Ut omnis reiciendis quis dolor id incidunt. Sapiente et ut ullam. Eveniet sit commodi molestias velit ut enim voluptatem.'),
('40', '10', 'ipsa', '1970-05-24', '1989-10-29', 'Et consequatur ea earum non nisi aliquid. Deleniti nihil quia quasi eum ea aliquam. Consequatur iste pariatur esse neque. Blanditiis quos velit voluptatem sit qui. At error sit voluptas sed ut est.'),
('41', '11', 'esse', '2018-02-04', '1976-09-25', 'Commodi porro quidem dicta error iste illo omnis. Quas ut voluptas qui totam cupiditate est. Ut officiis earum et qui explicabo. Iure odit asperiores rerum atque.'),
('42', '12', 'voluptates', '2014-03-10', '2000-10-18', 'Ab sapiente ipsa harum repellendus. Dolore qui non enim sed laboriosam aliquid. Et a rerum quos. Nisi eos dignissimos tempora pariatur debitis.'),
('43', '13', 'est', '2000-04-05', '1984-05-26', 'Et omnis esse sit sint. Nesciunt ut et sint fugiat quo nesciunt corporis.'),
('44', '14', 'totam', '1992-12-22', '1981-05-14', 'Voluptates commodi non vitae rem. Doloremque necessitatibus dolores numquam inventore inventore ullam. In commodi tempore esse ullam iste quis non. Temporibus amet vero magnam quis non atque et accusamus.'),
('45', '15', 'doloremque', '1979-11-21', '1987-04-08', 'At commodi velit ut eaque voluptatem. Quia doloribus et quo voluptatem. Eum dicta voluptatem saepe et. Quasi accusantium qui dolor rem. Illo eaque aliquid perspiciatis ex delectus sit expedita.'),
('46', '16', 'Plarium dev', '1985-11-21', '2012-03-22', 'Sapiente necessitatibus corporis adipisci magnam omnis id nobis. Distinctio possimus illum est accusamus. Rerum fuga qui alias libero esse. Qui nesciunt dolore sint rerum consequuntur numquam.'),
('47', '17', 'eos', '1979-06-14', '1975-11-20', 'Quia alias omnis soluta praesentium. Ullam quaerat at et culpa ipsa corporis.'),
('48', '18', 'qui', '2016-06-04', '1980-09-19', 'Hic ullam beatae molestiae quia enim. Voluptas est ut praesentium totam in aliquam. Molestias repellat quia dolores et rem eaque.'),
('49', '19', 'error', '1988-10-31', '1970-10-18', 'Debitis dolor libero quo velit dolorem vel. Commodi corporis explicabo corporis iusto laudantium delectus itaque.'),
('50', '20', 'eveniet', '2008-01-12', '2010-10-12', 'Cupiditate dolor sunt consequatur nulla quas pariatur. Possimus quibusdam delectus voluptates pariatur fugiat. Provident doloremque sed doloremque earum dignissimos laboriosam laboriosam.'),
('51', '21', 'ut', '1988-09-26', '2000-04-08', 'In magnam voluptatibus earum explicabo commodi ea. Et nostrum quis sint molestiae laborum et distinctio. Sed molestiae aperiam temporibus fuga blanditiis.'),
('52', '22', 'beatae', '1989-12-01', '1992-07-09', 'Inventore enim velit nulla neque voluptatem. Vitae tempora cumque aut quasi. Tenetur voluptas ut laudantium incidunt explicabo hic. Laborum non consequatur ea eos quis maxime. Iure vel et est quae laboriosam similique.'),
('53', '23', 'nulla', '2010-08-19', '1999-08-30', 'Accusamus autem eum et reprehenderit voluptatem iste illo. Expedita non odio iusto. Reprehenderit ipsum vero et nulla veritatis. Hic animi dolor et nihil.'),
('54', '24', 'omnis', '1975-07-22', '1977-03-16', 'Corrupti non ut sed impedit alias aut ut. Possimus expedita nam nisi aspernatur laudantium doloribus. Occaecati id facilis inventore iure sed rem.'),
('55', '25', 'suscipit', '2003-06-17', '2007-11-29', 'Quo esse reprehenderit repudiandae dignissimos eum aut. Aut veritatis harum amet sit sint. Delectus voluptatibus dolores maxime. Impedit voluptas nihil officia et sit exercitationem.'),
('56', '26', 'optio', '2012-03-16', '1977-06-04', 'Ut sequi fugit repellendus. Voluptas commodi quo quidem laborum sit molestiae. Veritatis numquam enim itaque veritatis.'),
('57', '27', 'quo', '1991-06-07', '1987-10-24', 'Consequatur dicta neque fugit rerum aut odio. Dolorem quo et repellendus est. Ipsam reprehenderit eveniet assumenda.'),
('58', '28', 'nihil', '1985-11-08', '2008-04-30', 'Maiores animi est porro inventore ut et eos. Molestiae quis vero temporibus. Reiciendis perspiciatis rerum nihil eum amet officiis repudiandae veniam. Harum mollitia sunt ex praesentium ut culpa. Aspernatur non sed blanditiis enim vitae id.'),
('59', '29', 'repudiandae', '1973-02-27', '2019-08-01', 'Sequi tempore quas veniam. Dolores rerum et pariatur quo ut voluptatem aut. Cum consequatur vel non dolorem. Qui et qui expedita nihil in modi.'),
('60', '30', 'nobis', '2015-11-29', '1984-11-02', 'Natus odio perspiciatis expedita adipisci dolorem suscipit. Ab nostrum sunt ea.'),
('61', '1', 'et', '2007-11-25', '1983-10-16', 'Ea autem optio dolor. Molestiae qui inventore et corrupti quas mollitia delectus.'),
('62', '2', 'magni', '1991-10-18', '2014-09-21', 'Consequatur qui ea asperiores dignissimos. Et dolorum assumenda eaque porro ab id magnam. Quam praesentium rerum dolore modi est.'),
('63', '3', 'perferendis', '2019-05-01', '1986-03-27', 'Quia eum consequatur sed voluptate unde. Error nisi at quia ab. Expedita deleniti corporis rerum deleniti deserunt laborum doloremque minus. Quidem voluptatem tempore et est facilis aliquid. Nihil excepturi similique ullam at quam ea.'),
('64', '4', 'similique', '2004-07-18', '1975-04-11', 'Temporibus odit dignissimos sint earum. Est atque libero quos occaecati ut occaecati.'),
('65', '5', 'rerum', '2015-12-25', '1970-04-12', 'Tempora modi est modi quos quasi. Doloribus quaerat totam enim.'),
('66', '6', 'dolor', '2017-01-24', '2012-12-28', 'Accusamus maiores magni quia consequatur incidunt aut voluptatem. Incidunt distinctio veniam quia unde deleniti rem consequuntur. Dolor deleniti aspernatur omnis.'),
('67', '7', 'culpa', '1975-09-08', '1995-12-12', 'Similique qui optio veritatis rerum. Voluptas est deleniti rerum placeat. Cumque corrupti quibusdam ut ab. Consectetur at ut quia unde.'),
('68', '8', 'qui', '1992-04-19', '2009-08-04', 'Beatae optio sunt ut ab officia. Est ut natus dolore eligendi rerum nihil expedita. Illum nam consequatur aut at velit libero quae eum.'),
('69', '9', 'sed', '2017-08-08', '1986-04-03', 'Ut incidunt eum alias et ab modi sed. Expedita id sit numquam dolores quam corporis debitis magnam.'),
('70', '10', 'quas', '1972-06-21', '1982-11-02', 'Est asperiores occaecati praesentium incidunt quia. Est voluptates ut autem sed. Dolor ad autem distinctio nihil. Nesciunt voluptatem consequatur nostrum veritatis illo est. Possimus est sit expedita cum et eum quia.'),
('71', '11', 'cum', '1995-08-08', '1970-05-15', 'Possimus ut et doloremque nemo aut non explicabo ea. Cupiditate quia ducimus explicabo ratione qui. Aspernatur molestiae sed corporis.'),
('72', '12', 'eum', '1971-10-02', '1995-05-31', 'Inventore ut dignissimos et iusto sint ea sit dolores. Quasi consequatur repudiandae natus voluptatem provident aliquid dolore. Et mollitia rerum enim tempora atque harum.'),
('73', '13', 'natus', '1994-09-12', '1987-09-02', 'Ullam odit aut et aut qui. Ut quo nam omnis aut reprehenderit.'),
('74', '14', 'repellendus', '1976-02-01', '2014-03-26', 'Beatae est magnam recusandae et magni est molestiae. Corporis veniam sit dolorem ad eum. Voluptatum unde impedit soluta sunt.'),
('75', '15', 'cumque', '1988-05-06', '1990-04-11', 'Vitae molestias molestias unde sed ratione corporis. Excepturi qui corrupti et est dolores rerum nam. Animi excepturi quos autem perspiciatis molestiae.'),
('76', '16', 'Mail.ru', '2015-06-02', '2002-10-03', 'Non amet optio odio et voluptate recusandae. Eum qui velit minus eum ullam accusantium repellendus. Quibusdam iste beatae perferendis odit voluptas officia. Autem doloribus hic autem molestias.'),
('77', '17', 'quos', '1996-09-21', '1986-11-30', 'Et deleniti modi autem hic. Tenetur quo dicta assumenda et. Consequuntur id quia non in ipsam qui.'),
('78', '18', 'et', '2001-08-16', '1970-06-20', 'Impedit officia qui veritatis optio. Aut delectus sint esse quidem error hic alias. Inventore dolor corporis ad soluta eum temporibus provident.'),
('79', '19', 'officiis', '1980-10-11', '1991-05-22', 'Culpa voluptas hic eligendi. Sit perspiciatis ut aspernatur doloribus id enim. Est id quo doloribus. Animi eius minus porro ad et.'),
('80', '20', 'similique', '2005-11-09', '1996-06-01', 'Cum et amet ipsa vel. Harum nemo cum eum tenetur et adipisci dolor. Sed sed corrupti debitis quibusdam. Nostrum ipsam expedita minus autem aperiam eum sint.'),
('81', '21', 'possimus', '2005-02-27', '2003-11-16', 'Illo ducimus similique hic. Odio corrupti occaecati eveniet voluptate modi nisi. Magni dolores qui eum harum ut placeat quam. Voluptate eum voluptate voluptatem tempore aliquam.'),
('82', '22', 'deleniti', '2014-11-13', '2005-09-02', 'Eos ratione officia qui ex. Quisquam aut temporibus consequatur nostrum atque error. Et rerum corrupti recusandae facere accusantium culpa perferendis. Debitis odio nisi nobis facere ab impedit. Amet qui est modi harum ad esse.'),
('83', '23', 'commodi', '2010-10-17', '1973-02-14', 'Debitis veniam voluptatem inventore unde ab et nemo. Perspiciatis sed rerum fugit repellat commodi. Aut odit nihil sunt velit porro. Incidunt porro voluptates cumque ducimus unde quia. Expedita qui facilis dolor a sequi.'),
('84', '24', 'aut', '1997-04-30', '2009-02-23', 'Perspiciatis aliquid blanditiis inventore sit sit dignissimos. Consectetur aspernatur est deserunt soluta unde explicabo modi. Et distinctio animi ut voluptas illum.'),
('85', '25', 'sit', '2014-11-13', '1987-07-01', 'Quis consequuntur porro harum iste a itaque non. Reprehenderit atque ut qui aut. Repellendus consequatur et recusandae pariatur eum amet accusantium.'),
('86', '26', 'consequatur', '2006-06-25', '1984-07-16', 'Maxime sint nesciunt aut et tempora enim. Omnis nobis a quo repudiandae. Et consequatur aspernatur nisi aliquid laudantium provident debitis. Ut aspernatur illo cumque ad.'),
('87', '27', 'repellendus', '1976-12-16', '2011-03-09', 'Non maiores excepturi expedita adipisci rem qui accusamus quia. Qui aut et omnis. Rem id vel fugiat qui. Est ea vero aut dolor quis qui error.'),
('88', '28', 'fugit', '2013-07-02', '1976-07-08', 'Vitae id cupiditate ipsa accusantium omnis. Ea perferendis ut eum recusandae. Reiciendis sit quo dignissimos expedita repellendus dolore.'),
('89', '29', 'quaerat', '1984-08-01', '2018-05-15', 'Sit sit et sequi ad mollitia voluptatem dignissimos. Ex eum consequatur quae et et expedita. Expedita culpa molestiae eos nesciunt. Alias quis esse enim odit dolore. Architecto repellat earum velit qui.'),
('90', '30', 'asperiores', '1992-05-27', '2002-02-14', 'Nisi voluptate vero qui quidem quibusdam. Repellat deleniti natus quam rerum rerum veniam et. Cupiditate debitis ut commodi voluptatibus repudiandae cumque nisi. Tempore atque est molestiae ea velit facilis. Atque ea aliquid aliquid sunt adipisci omnis ab est.'),
('91', '1', 'iusto', '1989-10-28', '1990-03-20', 'Et sequi enim quisquam minima. Aperiam omnis et quia impedit et voluptatem. Dignissimos enim consequatur exercitationem hic beatae aut. Modi cum est sed laudantium optio quo. Ut iure assumenda aut molestiae modi.'),
('92', '2', 'et', '1974-09-06', '1979-01-09', 'Culpa sunt ullam cum expedita pariatur. Qui tempora sed quisquam ipsam. Modi quidem commodi ut quos. Est ut cupiditate quae pariatur in.'),
('93', '3', 'accusamus', '1991-11-01', '2005-05-23', 'Nostrum in iure nostrum. Doloribus possimus ut laboriosam et doloremque qui. Perferendis voluptatem id explicabo labore illum mollitia. Quae et iusto at amet.'),
('94', '4', 'hic', '1991-04-02', '1982-07-14', 'Voluptas dolores nobis ad eius deleniti vero dicta odit. Sint cumque et hic. Dolores optio et assumenda et et dolorem. Quod illo aut molestiae asperiores reiciendis.'),
('95', '5', 'corrupti', '1977-03-24', '1973-01-29', 'Commodi rerum sint atque qui quas. Voluptatem qui odit veniam esse veniam voluptatem. Sunt voluptatem velit et.'),
('96', '6', 'ipsum', '1989-07-17', '2000-09-09', 'Qui tenetur reiciendis ratione illo placeat est. Illum similique voluptatibus in molestiae et blanditiis. Officiis dolores id asperiores dolorem voluptas necessitatibus vel. Molestias eveniet asperiores harum quibusdam modi aut vel. Eum non sed ut autem est aut id esse.'),
('97', '7', 'dolor', '2006-07-20', '1993-07-03', 'Eos error molestiae vero aut aliquam. Blanditiis sit sunt necessitatibus ut adipisci sed. Ipsum reprehenderit perferendis enim omnis.'),
('98', '8', 'labore', '2012-12-23', '2003-03-03', 'Vitae quia error vero fuga. Ex voluptatibus debitis in mollitia cupiditate accusamus quia. Quam temporibus facere dignissimos qui ratione qui. Et repudiandae aut quaerat ea hic itaque.'),
('99', '9', 'beatae', '2019-02-01', '1998-01-17', 'Molestias ab possimus praesentium dolore doloremque ea est. Sit eos quidem autem ipsum ut. Et odio aut voluptatum consequuntur. Rerum molestiae eius quos debitis ea.'),
('100', '10', 'consectetur', '1975-12-10', '2018-09-13', 'Praesentium est et sit explicabo aut voluptas officiis. Velit labore occaecati dignissimos doloremque asperiores.');

-- cvs_skills
TRUNCATE TABLE `cvs_skills`;
INSERT INTO `cvs_skills` (`id`, `cv_id`, `skill_name`) VALUES
('1', '1', 'et'),
('2', '2', 'quaerat'),
('3', '3', 'placeat'),
('4', '4', 'temporibus'),
('5', '5', 'consequatur'),
('6', '6', 'C++'),
('7', '7', 'soluta'),
('8', '8', 'quia'),
('9', '9', 'natus'),
('10', '10', 'temporibus'),
('11', '11', 'perferendis'),
('12', '12', 'accusamus'),
('13', '13', 'aliquid'),
('14', '14', 'velit'),
('15', '15', 'rerum'),
('16', '16', 'FreeBSD'),
('17', '17', 'et'),
('18', '18', 'optio'),
('19', '19', 'iste'),
('20', '20', 'qui'),
('21', '21', 'qui'),
('22', '22', 'aspernatur'),
('23', '23', 'est'),
('24', '24', 'consequatur'),
('25', '25', 'sint'),
('26', '26', 'consectetur'),
('27', '27', 'sed'),
('28', '28', 'ut'),
('29', '29', 'qui'),
('30', '30', 'et'),
('31', '1', 'voluptatem'),
('32', '2', 'sunt'),
('33', '3', 'iste'),
('34', '4', 'praesentium'),
('35', '5', 'officiis'),
('36', '6', 'quisquam'),
('37', '7', 'quaerat'),
('38', '8', 'aut'),
('39', '9', 'ea'),
('40', '10', 'sunt'),
('41', '11', 'Linux'),
('42', '12', 'possimus'),
('43', '13', 'voluptatem'),
('44', '14', 'alias'),
('45', '15', 'exercitationem'),
('46', '16', 'Ansible'),
('47', '17', 'quibusdam'),
('48', '18', 'aut'),
('49', '19', 'hic'),
('50', '20', 'provident'),
('51', '21', 'esse'),
('52', '22', 'qui'),
('53', '23', 'aut'),
('54', '24', 'aliquam'),
('55', '25', 'iste'),
('56', '26', 'aut'),
('57', '27', 'dolorum'),
('58', '28', 'dignissimos'),
('59', '29', 'maxime'),
('60', '30', 'adipisci'),
('61', '1', 'quia'),
('62', '2', 'unde'),
('63', '3', 'et'),
('64', '4', 'deserunt'),
('65', '5', 'itaque'),
('66', '6', 'sit'),
('67', '7', 'vitae'),
('68', '8', 'et'),
('69', '9', 'perferendis'),
('70', '10', 'atque'),
('71', '11', 'consequuntur'),
('72', '12', 'qui'),
('73', '13', 'repellat'),
('74', '14', 'nostrum'),
('75', '15', 'ut'),
('76', '16', 'Bash'),
('77', '17', 'repellat'),
('78', '18', 'quo'),
('79', '19', 'in'),
('80', '20', 'voluptates'),
('81', '21', 'non'),
('82', '22', 'doloremque'),
('83', '23', 'sit'),
('84', '24', 'velit'),
('85', '25', 'reprehenderit'),
('86', '26', 'consequatur'),
('87', '27', 'aliquam'),
('88', '28', 'quod'),
('89', '29', 'quo'),
('90', '30', 'ut'),
('91', '1', 'inventore'),
('92', '2', 'dolores'),
('93', '3', 'voluptas'),
('94', '4', 'ducimus'),
('95', '5', 'aut'),
('96', '6', 'nam'),
('97', '7', 'commodi'),
('98', '8', 'ex'),
('99', '9', 'dolorum'),
('100', '10', 'quam');

-- users_cvs
TRUNCATE TABLE `users_cvs`;
INSERT INTO `users_cvs` (`user_id`, `cv_id`, `deleted`) VALUES
(1, 1,  0),
(1, 16,  0),
(2, 2,  0),
(2, 17,  0),
(3, 3,  0),
(3, 18,  0),
(4, 4,  0),
(4, 19,  0),
(5, 5,  0),
(5, 20,  0),
(6, 6,  0),
(6, 21,  0),
(7, 7,  0),
(7, 22,  0),
(8, 8,  0),
(8, 23,  0),
(9, 9,  0),
(9, 24,  0),
(10, 10,  0),
(10, 25,  0),
(11, 11,  0),
(12, 12,  0),
(13, 13,  0),
(14, 14,  0),
(15, 15,  0),
(1, 15,  1);


-- communities
TRUNCATE TABLE `communities`;
INSERT INTO `communities` (`id`, `name`, `community_type`, `official`) VALUES
('1', 'hic', 'organization', 1),
('2', 'vitae', 'organization', 1),
('3', 'iure', 'organization', 0),
('4', 'nobis', 'organization', 0),
('5', 'nesciunt', 'organization', 0),
('6', 'tempora', 'community', 0),
('7', 'sit', 'organization', 0),
('8', 'et', 'organization', 0),
('9', 'iure', 'community', 0),
('10', 'omnis', 'organization', 0),
('11', 'magni', 'community', 0),
('12', 'consequatur', 'community', 0),
('13', 'odit', 'community', 0),
('14', 'reprehenderit', 'community', 0),
('15', 'labore', 'community', 0),
('16', 'eaque', 'organization', 0),
('17', 'expedita', 'organization', 0),
('18', 'in', 'community', 0),
('19', 'qui', 'organization', 0),
('20', 'voluptatem', 'community', 0),
('21', 'nihil', 'community', 0),
('22', 'ea', 'community', 0),
('23', 'laborum', 'organization', 0),
('24', 'nemo', 'community', 0),
('25', 'in', 'community', 0),
('26', 'dignissimos', 'community', 0),
('27', 'quis', 'community', 0),
('28', 'est', 'community', 0),
('29', 'sed', 'community', 0),
('30', 'ea', 'community', 0),
('31', 'et', 'community', 0),
('32', 'aut', 'community', 0),
('33', 'nihil', 'community', 0),
('34', 'qui', 'community', 0),
('35', 'nulla', 'community', 0),
('36', 'id', 'organization', 0),
('37', 'aut', 'organization', 0),
('38', 'quidem', 'organization', 0),
('39', 'excepturi', 'community', 0),
('40', 'enim', 'organization', 0),
('41', 'quaerat', 'organization', 0),
('42', 'ad', 'organization', 0),
('43', 'quam', 'organization', 0),
('44', 'a', 'community', 0),
('45', 'ducimus', 'community', 0),
('46', 'temporibus', 'organization', 0),
('47', 'aut', 'organization', 0),
('48', 'consequatur', 'community', 0),
('49', 'alias', 'community', 0),
('50', 'velit', 'community', 0),
('51', 'quae', 'community', 0),
('52', 'esse', 'community', 0),
('53', 'temporibus', 'organization', 0),
('54', 'in', 'community', 0),
('55', 'consequatur', 'community', 0),
('56', 'explicabo', 'organization', 0),
('57', 'atque', 'organization', 0),
('58', 'enim', 'community', 0),
('59', 'velit', 'organization', 0),
('60', 'consequatur', 'organization', 0),
('61', 'autem', 'community', 0),
('62', 'sapiente', 'organization', 0),
('63', 'aliquid', 'organization', 0),
('64', 'quaerat', 'community', 0),
('65', 'et', 'community', 0),
('66', 'est', 'organization', 0),
('67', 'quia', 'community', 0),
('68', 'ipsam', 'organization', 0),
('69', 'ut', 'organization', 0),
('70', 'quis', 'organization', 0),
('71', 'voluptatem', 'community', 0),
('72', 'voluptas', 'community', 0),
('73', 'quod', 'organization', 0),
('74', 'unde', 'community', 0),
('75', 'fugit', 'organization', 0),
('76', 'rem', 'community', 0),
('77', 'aut', 'organization', 0),
('78', 'eaque', 'community', 0),
('79', 'eum', 'community', 0),
('80', 'non', 'community', 0),
('81', 'odio', 'community', 0),
('82', 'accusamus', 'organization', 0),
('83', 'exercitationem', 'organization', 0),
('84', 'eveniet', 'organization', 0),
('85', 'velit', 'community', 0),
('86', 'voluptatem', 'organization', 0),
('87', 'accusantium', 'community', 0),
('88', 'mollitia', 'organization', 0),
('89', 'maiores', 'community', 0),
('90', 'occaecati', 'community', 0),
('91', 'deleniti', 'organization', 0),
('92', 'et', 'community', 0),
('93', 'inventore', 'community', 0),
('94', 'ut', 'community', 0),
('95', 'cum', 'organization', 0),
('96', 'velit', 'community', 0),
('97', 'et', 'community', 0),
('98', 'voluptate', 'community', 0),
('99', 'quibusdam', 'organization', 1),
('100', 'quo', 'community', 0);


-- users_communities
TRUNCATE TABLE `users_communities`;
INSERT INTO `users_communities` (`user_id`, `community_id`) VALUES
('1', '1'),
('1', '98'),
('1', '18'),
('1', '20'),
('1', '2'),
('1', '4'),
('1', '6'),
('1', '16'),
('2', '2'),
('2', '17'),
('3', '3'),
('3', '18'),
('4', '4'),
('4', '19'),
('5', '5'),
('5', '20'),
('6', '6'),
('7', '7'),
('8', '8'),
('9', '9'),
('10', '10'),
('11', '11'),
('12', '12'),
('13', '13'),
('14', '14'),
('15', '15');


-- vacancies
TRUNCATE TABLE `vacancies`;
INSERT INTO `vacancies` (`id`, `description`, `organization_id`, `created_at`, `updated_at`) VALUES
('1', 'Voluptatem nulla ex quod dignissimos eveniet dolorum sed. Numquam non corporis at voluptas in. Distinctio odit eos neque et molestiae provident qui.', '1', '2017-11-21 18:22:44', '1988-04-06 01:11:53'),
('2', 'Eaque et quia voluptate provident autem ut non. Ex magni quia magnam et doloremque optio.', '3', '1996-07-12 14:40:38', '1986-11-03 05:12:01'),
('3', 'Quo provident libero dolorum unde aut. Et temporibus neque ab eum quas iure dicta totam. Consequatur mollitia consequatur quia.', '3', '2002-12-31 23:59:09', '1991-02-13 20:39:21'),
('4', 'Maxime consequatur eligendi quia deleniti hic illum. Voluptas quia quae officia omnis. Aspernatur magnam et quis voluptas veniam.', '17', '2018-03-07 04:55:51', '1999-09-21 21:15:57'),
('5', 'Et voluptatem necessitatibus vel qui. Nobis quibusdam consequatur officia laudantium aut. Debitis non illum mollitia sed labore iste. Ducimus minus cumque corporis ex.', '2', '2018-01-18 19:40:08', '1981-12-15 20:25:48');

-- messages
TRUNCATE TABLE `messages`;
INSERT INTO `messages` VALUES
('1','1','2','Et velit delectus eligendi. Voluptas quas unde molestiae odio nisi sed odio aperiam. Vero soluta suscipit eius sunt.','1983-10-22 17:00:54',1, 0),
('2','2','2','Nam tempora sed architecto amet. Optio dignissimos nam vel.','1991-09-12 20:02:24',1, 0),
('3','3','3','Quis soluta reiciendis dolores omnis repellendus qui delectus. Impedit ut accusantium non recusandae enim rerum et. In ut qui eum ea in. Suscipit fugiat exercitationem ipsa enim.','2004-12-23 11:58:39',1, 0),
('4','4','4','Aliquid expedita dolore perferendis sint reprehenderit voluptatem. Id non repudiandae ex quae libero. Quaerat consequuntur rerum accusamus quidem. Et et deserunt dolore dolor tempore.','1973-06-07 20:10:26',1, 0),
('5','5','5','Eum voluptates impedit reprehenderit ex porro iusto quae. Nemo repudiandae impedit error. Neque earum error sunt consequatur incidunt. Consectetur ut molestiae velit illo porro.','1974-01-28 10:42:53',1, 0),
('6','6','6','Id eveniet sint odit. Tempore voluptate quisquam labore recusandae.','2004-05-30 22:24:45',1, 0),
('7','7','7','Doloribus distinctio quo recusandae officia voluptates eos necessitatibus. Fugit deleniti aliquam in ut ducimus. Dolor reiciendis optio et molestiae itaque unde non. Id quasi veniam ullam corrupti at.','2008-02-29 22:25:51',1, 0),
('8','8','8','Accusamus inventore libero odio expedita dolorum architecto. Earum nulla laboriosam eum et.','1984-08-25 23:06:02',1, 0),
('9','9','9','Culpa consectetur beatae qui dolorem adipisci. Exercitationem iste nulla facere eaque laborum expedita deserunt. Neque aspernatur soluta quo sunt alias. Dolor libero quidem ipsam.','1983-02-17 06:27:51',1, 0),
('10','10','10','Consectetur sunt qui eum totam aliquam pariatur nulla. Velit quibusdam ea corrupti velit error dolores nobis reprehenderit. Fuga laborum et vitae.','2000-11-06 19:00:35',1, 0),
('11','11','11','Esse aperiam minima eum consequatur. Illum incidunt corporis id dolor quis consequuntur ut non. Sed enim iusto quibusdam a illo voluptatum ex.','1977-09-24 08:40:22',1, 0),
('12','12','12','Sequi ipsa ut dolor explicabo vitae saepe. Sed et officia quibusdam maiores error quisquam earum porro. Aut alias itaque voluptatem dolor libero et in. Eum neque porro autem facilis quis.','2000-04-18 06:01:39',1, 0),
('13','13','13','Adipisci vero natus a. Voluptatum quod sint sit beatae architecto.','1970-08-15 07:18:19',1, 0),
('14','14','14','Vel voluptatem aut doloribus quod odio. At perspiciatis qui consectetur dolores mollitia exercitationem. Itaque a et numquam autem consectetur. Sapiente rerum labore quaerat beatae dolores ipsam ut. Voluptatibus doloribus sint est id optio eaque.','1986-06-22 17:32:50',1, 0),
('15','1','3','Animi expedita quis hic. Sequi dolor exercitationem et assumenda autem consequatur vitae nulla. Ipsa libero odit dolor expedita tenetur minima aliquid. Voluptas quia velit ipsa est est.','1983-01-13 11:20:54',1, 0),
('16','1','3','Voluptatibus odio cum voluptas. Animi quos autem voluptas reiciendis. In optio quae unde quaerat nulla beatae quibusdam. Eveniet aliquid laudantium praesentium fuga.','2012-07-05 02:52:23',1, 0),
('17','2','2','Earum adipisci aut eveniet. Ut repellat magni dolore fugit voluptatum. Quae atque in ut corporis qui.','1973-10-14 17:53:01',1, 0),
('18','3','3','Quia a similique fugit nam in dolorum odio eos. Nulla beatae porro facere vel ipsam sunt commodi et. Sit blanditiis ratione delectus quo. Natus ea tempore et dicta ea rerum cum.','1994-10-17 23:23:59',1, 0),
('19','4','4','Incidunt harum qui perferendis eum. Omnis nisi explicabo qui eveniet provident a sit autem. Non voluptatem autem quam quod sit fugiat.','1980-02-09 07:38:52',1, 0),
('20','5','5','Architecto ex corrupti numquam et nihil alias distinctio. Ipsa qui quia rerum voluptatem explicabo accusamus. Ut veritatis ut possimus debitis autem quasi sed. Quibusdam facilis sequi ut ipsum.','1978-10-28 13:31:43',1, 0),
('21','6','6','Asperiores quia ab libero iste. Voluptas dolores possimus nihil. Architecto itaque dolores vero qui ut assumenda est.','1991-08-20 20:13:22',1, 0),
('22','7','7','Explicabo similique et debitis consequatur aut tenetur. Labore atque aut adipisci in placeat esse alias. Cumque hic aut suscipit incidunt ex.','1992-06-30 13:19:36',1, 0),
('23','8','8','Nostrum voluptates numquam odio reprehenderit facilis. Cumque voluptas quia laborum ratione adipisci repellat.','2015-03-29 05:30:15',1, 0),
('24','9','9','Reprehenderit sunt molestiae harum sunt. Nobis illo vitae exercitationem debitis facilis fugit et omnis. Ab ut adipisci minus id rerum id explicabo. Eos esse sequi aperiam modi sunt sed laboriosam.','1986-08-18 17:38:02',1, 0),
('25','10','10','Ea architecto fuga nulla atque qui. Vel commodi veritatis eos aut voluptatem repellat dolorem. Sint est eius ad dolor. Eligendi impedit suscipit neque rerum qui nihil. Qui dolores ad culpa unde.','2001-01-07 20:09:28',1, 0),
('26','11','11','Voluptas id deserunt sit atque omnis saepe. Dolore atque voluptas quidem dicta nam soluta. Rerum aut exercitationem et veritatis dolor. Quo est aut aut aut facere.','2017-11-05 05:46:15',1, 0),
('27','12','12','Voluptatibus quia fuga beatae qui incidunt. Vel dolorum labore eos sed illo recusandae. Molestiae ea eos similique deleniti quam esse eius.','1975-11-11 14:11:54',1, 0),
('28','13','13','Et nihil dolor dolor totam consequatur in. Sunt praesentium velit nesciunt. Quod sint cumque ea ut voluptate quam. Corporis nobis numquam repudiandae.','2006-03-07 15:35:35',1, 0),
('29','14','14','Vel et saepe asperiores. Consequatur sunt quae autem est. Qui eaque doloribus eos earum itaque sed.','1990-10-29 14:58:05',1, 0),
('30','3','1','Facilis voluptatem perferendis voluptatem neque. Reprehenderit aut nisi voluptatem repudiandae ut. Sit asperiores ipsam illo ad id. Deserunt nisi quisquam magnam eaque sed.','1977-01-30 23:52:32',1, 0),
('31','1','4','Quidem in suscipit impedit quos quia. Magnam omnis qui quibusdam accusantium rem quibusdam. Quae impedit placeat tenetur unde commodi.','1997-10-22 23:31:42',1, 0),
('32','2','2','Neque est atque libero necessitatibus. Voluptate velit ut beatae inventore qui. Et consectetur dolorum aut consectetur iure. Qui quis numquam nobis voluptatum temporibus. Minima nesciunt similique saepe dolore ut nemo non.','1994-04-30 16:31:22',1, 0),
('33','3','3','Voluptatem nihil ut voluptas sunt minus perspiciatis quam. Fuga ipsam eum explicabo esse sequi quia earum. A iste alias ut amet asperiores dolor voluptatem. Ab sequi cupiditate aut officia.','2019-06-11 15:49:43',1, 0),
('34','4','4','Qui ducimus ut doloremque consequatur odit. Voluptatem eos vero autem dolores. Voluptas hic ea et magni corrupti veniam voluptatem eveniet. Quibusdam ut tenetur eum est corrupti aliquam velit autem.','1995-05-08 13:15:30',1, 0),
('35','5','5','Consequatur aut molestiae aut dolor numquam corporis quidem ea. Sequi dolor et et. Maiores laudantium iusto voluptas tempora quae et et. Expedita voluptates ut impedit doloribus ipsa. Eius neque dolores voluptates aut libero.','2009-03-24 09:16:24',1, 0),
('36','6','6','Quis odit fuga eius quo autem veniam qui. Qui eos voluptatem asperiores rerum.','2001-12-09 11:38:50',1, 0),
('37','7','7','Fuga suscipit ut est quas reprehenderit illum suscipit. Error vel expedita magni et et. Id praesentium omnis pariatur quaerat aperiam. Et repudiandae aliquid magnam.','2001-08-31 17:57:12',1, 0),
('38','8','8','Consectetur aut voluptatem porro hic. Saepe ea ratione repudiandae fugiat. Et nihil voluptas sit ut. Modi quasi facere vel voluptatem nisi corrupti illum.','1975-02-05 09:19:07',1, 0),
('39','9','9','Qui voluptas qui veniam temporibus qui eum. Ipsam sint libero repellendus iure ut aut doloribus et. Distinctio qui corporis dolor sit cupiditate optio.','2012-12-05 00:15:51',1, 0),
('40','10','10','Non quia occaecati consequatur voluptatem molestias dignissimos. A tenetur qui voluptatibus sed in. Laborum consequatur dolor est deserunt quia soluta impedit.','1980-03-10 06:37:46',1, 0),
('41','11','11','Ex laborum temporibus distinctio quasi voluptas. Voluptatem cupiditate maiores incidunt quaerat libero. Sunt nesciunt saepe sed sint magni recusandae veniam maiores.','1984-02-24 23:17:15',1, 0),
('42','12','12','Voluptas repudiandae molestias reprehenderit sed est repudiandae similique debitis. Ratione ullam quisquam alias iure asperiores est. Cupiditate praesentium et quisquam ea est explicabo dolores id. Sit sed et error ut ut.','1970-01-14 18:47:29',1, 0),
('43','13','13','Ut harum nostrum ullam ea error velit soluta sunt. Numquam porro porro cum enim consequatur veniam ipsam. Omnis nobis mollitia dolore iste sit nemo voluptas. Dolorem magnam et consequatur.','2007-01-28 09:05:26',1, 0),
('44','14','14','Rem deleniti voluptatem doloribus. Iusto id iste eos vero architecto. Nesciunt alias eius nam voluptate soluta labore veritatis.','1983-11-02 14:03:03',1, 0),
('45','1','3','Nihil eius ut distinctio. Omnis repellendus rerum omnis fuga aut quo. Delectus expedita nulla harum modi quaerat.','2017-04-28 22:18:32',1, 0),
('46','1','4','Quidem error doloribus laudantium sint delectus earum atque. Voluptatem id earum eum explicabo illo sit. Corrupti voluptas laboriosam excepturi odit necessitatibus ducimus. Qui est consectetur eum est dolor quia cum.','2010-04-15 08:57:35',1, 0),
('47','2','2','Est et laudantium sunt accusamus modi voluptatibus enim. At qui adipisci nisi ea quas vitae consequuntur. Similique quos quidem quod ut cupiditate perferendis blanditiis.','2018-11-20 04:04:11',1, 0),
('48','3','3','Minus eum odit laudantium. Et consequuntur inventore id autem assumenda sunt. Est occaecati praesentium voluptates ut sed.','2005-08-24 10:06:00',1, 0),
('49','4','4','Repellat ad harum iusto. Fugit dolorem nesciunt vero sint. Doloremque non non qui assumenda occaecati. Sint veritatis consequatur ut consequatur consectetur.','2003-06-04 16:50:40',1, 0),
('50','5','5','Qui molestias corporis eos omnis et. Nobis et temporibus qui libero. Perspiciatis hic omnis atque tempora doloremque laudantium. Odio placeat atque voluptatum.','1988-04-11 03:00:54',1, 0),
('51','6','6','Eius est iusto et repellat illum. Ut mollitia eveniet quae accusantium odio est dolores est. Assumenda amet impedit culpa reiciendis est libero voluptatum ipsa. Similique aut fugiat alias qui sed et. Tenetur praesentium non quas reprehenderit ut rerum harum.','2007-11-15 05:11:39',1, 0),
('52','7','7','Et nisi iste sed quod. Dolorum quibusdam voluptates fugiat ut repudiandae et. Asperiores iste omnis voluptas officia ipsam.','1976-06-08 13:46:36',1, 0),
('53','8','8','Consequatur eos dolorem reprehenderit recusandae. Officia molestiae dolores exercitationem neque. Quis aliquid maxime quo eum est molestiae.','2009-08-11 05:10:23',1, 0),
('54','9','9','Labore nihil distinctio quia et eum. Eum aspernatur amet necessitatibus delectus.','2018-01-01 21:15:37',1, 0),
('55','10','10','Facilis sint incidunt commodi ut asperiores. Quo est asperiores et cumque consequatur. Quis laborum pariatur quibusdam eos. Vitae tempore eos culpa ex facere voluptatibus.','1985-11-16 06:44:56',1, 0),
('56','11','11','Laboriosam unde nostrum enim est. Rerum explicabo et consequuntur sit voluptas deserunt est. Et autem laudantium et sed eum placeat.','2010-09-11 18:11:29',1, 0),
('57','12','12','Incidunt unde dolorum nihil unde aut. Non commodi eaque sint quo maxime vero aperiam. Expedita sed ad ad temporibus consectetur nihil. Qui ipsum et rerum.','1985-03-30 19:41:56',1, 0),
('58','13','13','Ratione perspiciatis et esse non qui. Quo sapiente sunt minima mollitia consequatur vel. Similique officia voluptatem possimus aut. Enim cum velit sint sed.','2018-04-08 16:16:23',1, 0),
('59','14','14','Voluptatem expedita deserunt sit et quidem earum. Doloribus eligendi ea et doloremque accusantium sunt minus. At ut eligendi maxime. Quasi nihil blanditiis tempore sunt blanditiis.','2018-07-02 04:41:22',1, 0),
('60','3','1','Qui rerum ratione aut sit eum praesentium autem nostrum. Exercitationem perferendis ad accusamus consectetur quidem libero. Adipisci sapiente unde mollitia itaque voluptate.','1995-11-15 03:24:39',1, 0),
('61','4','1','Sunt facere sed ut qui blanditiis est qui. Aspernatur ab at molestias eos et. Ea reiciendis exercitationem voluptatum ut. Aperiam sit aliquam nisi consequatur officiis eos.','2004-03-25 23:05:14',1, 0),
('62','2','2','Modi labore delectus nam ut distinctio. Autem omnis dolore sit quo. Et inventore pariatur consequuntur repellat.','1977-02-26 21:44:29',1, 0),
('63','3','3','Odio assumenda ex voluptate ullam ea. Veritatis quasi numquam dolores occaecati qui. Iure quaerat ad doloribus nemo est et.','1993-05-07 12:36:29',1, 0),
('64','4','4','Dignissimos quia vero et enim in qui totam. Adipisci dolores aut occaecati eligendi iste. Est inventore alias veniam voluptatibus.','1992-08-03 00:10:24',1, 0),
('65','5','5','Consequatur sunt dolores illo recusandae. Commodi temporibus aspernatur deleniti non sit animi totam. Quaerat aspernatur autem ducimus magnam ut earum in. Possimus dolorem aut consequatur ullam perferendis.','1971-09-20 16:19:47',1, 0),
('66','6','6','Eaque quis saepe sit ut in. Quos inventore aut quis numquam adipisci consequatur.','1999-12-03 12:02:48',1, 0),
('67','7','7','Ut eum minus animi rerum labore repudiandae aut dolorem. Excepturi qui in illo quo ipsum enim dolores. Aut sed quia facilis a accusantium non ut eum.','1997-04-12 10:24:05',1, 0),
('68','8','8','Voluptas magni veritatis adipisci quidem in. Rem et beatae mollitia repellendus occaecati est. Quo perspiciatis ut aut et ipsa velit asperiores. Temporibus alias ipsum libero debitis itaque quos ea.','1978-09-19 12:17:04',1, 0),
('69','9','9','Ducimus vel assumenda dolore ullam doloremque rem enim. Autem facere ut fuga dolorem. Eos deleniti dolorem dolores et officia aperiam illum.','2004-11-03 07:20:09',1, 0),
('70','10','10','Repellendus aut explicabo excepturi quia nobis at sed. Provident deleniti et nihil cupiditate. Dolorem rerum unde mollitia quod ullam provident.','1971-04-28 07:41:13',1, 0),
('71','11','11','Voluptatum ut exercitationem saepe amet. Vel et ullam placeat quia saepe nisi molestiae. Eveniet molestiae molestias sit et unde ex fugit.','2012-04-09 01:28:25',1, 0),
('72','12','12','Praesentium tenetur vel nostrum sequi explicabo quos officia iure. Ad asperiores odio quaerat alias. Consequatur dolorem excepturi sed occaecati aut optio.','1984-02-02 09:41:57',1, 0),
('73','13','13','Recusandae alias voluptatem consequatur ab. Aut et dolorem temporibus tempora odit quia aut. Sint molestiae dolores quia voluptatibus et ducimus.','1970-04-30 08:54:08',1, 0),
('74','14','14','Nulla tempore nihil voluptatum optio. Soluta recusandae eos aspernatur aut. Est reiciendis et facere sit est. Ut magnam tempora soluta quidem ipsam.','2010-11-23 02:26:45',1, 0),
('75','1','3','Tenetur ipsa est consequuntur deleniti. Modi doloremque quasi aut qui aliquam. Dignissimos culpa commodi aliquam temporibus.','2015-09-17 07:50:03',1, 0),
('76','4','1','Dolorem iste et ut vero repellendus facere. Dolores adipisci quasi ex asperiores reiciendis nostrum iste. Placeat asperiores est voluptas accusamus. Doloremque porro voluptatem consequatur omnis.','2018-07-29 15:36:04',1, 0),
('77','2','2','Consequatur ut aut similique eligendi numquam expedita aut. Expedita itaque pariatur est enim possimus. Asperiores eaque dolorem iusto doloremque maiores in perferendis reprehenderit.','1990-02-28 03:06:12',1, 0),
('78','3','3','Qui ut est praesentium et. Quisquam tenetur rem officiis aperiam in et.','1982-07-27 12:50:41',1, 0),
('79','4','4','Et aut maxime ut possimus et. Eum neque velit voluptatem ad fuga quia est. Incidunt earum corporis quod atque neque sint. Fugit qui quibusdam qui ipsam quibusdam magnam possimus laborum.','1984-01-17 14:15:23',1, 0),
('80','5','5','Aut dicta illum quasi. Eligendi illo amet id nulla dolorem. Dolore beatae ducimus consequuntur quaerat sint. Atque quos tempore voluptate dolor facilis excepturi.','2015-04-30 06:54:37',1, 0),
('81','6','6','Illum libero beatae ut provident aliquid. Quia dolores debitis ut vitae nulla. Deleniti officiis vel sed sequi corporis omnis quaerat.','1972-09-18 20:17:46',1, 0),
('82','7','7','Vel enim velit magnam ipsa tempore iste blanditiis. Assumenda corporis officiis iste velit odit magni saepe voluptas. Numquam enim vitae dolorem quis. In nam et facere illum in accusamus distinctio.','1980-09-10 04:46:32',1, 0),
('83','8','8','Recusandae minima ipsum qui harum necessitatibus placeat. Numquam reiciendis ab pariatur ut. Explicabo aperiam doloremque distinctio dolores. Optio cumque eius ratione optio.','1998-01-13 06:58:44',1, 0),
('84','9','9','Iusto voluptates praesentium illo quam sit dicta. Rerum incidunt excepturi delectus porro.','1993-07-19 11:08:12',1, 0),
('85','10','10','Vel et sed animi adipisci eos nihil. Nihil enim repellendus quasi id dolores rerum dolores. Sit veritatis saepe aut aut officia enim aut repellendus. Voluptatem assumenda maiores officiis occaecati rem nobis.','1975-03-04 20:09:04',1, 0),
('86','11','11','Ipsa reiciendis debitis molestias ut ullam ipsum. Nulla debitis culpa alias vitae a quia nemo. Voluptate quia inventore veritatis.','2016-08-05 06:20:52',1, 0),
('87','12','12','Quis mollitia cupiditate quod vitae. Iusto et voluptas saepe dignissimos quia suscipit. Quasi voluptatibus id aut perspiciatis impedit velit. Facere autem sit molestiae quia iste consequuntur perferendis.','1993-05-06 09:24:53',1, 0),
('88','13','13','Quia atque inventore inventore excepturi eum quisquam aut ut. Ut quam quos corporis. Quisquam veniam omnis molestiae numquam et modi repellat est. Ipsam veniam qui eaque corporis dolorem. Nesciunt voluptates amet autem deleniti rerum.','1984-01-13 11:16:39',1, 0),
('89','14','14','Adipisci velit quia qui dolor rerum dolores. Et architecto aspernatur est nihil ipsam distinctio. Consequatur eum quisquam laboriosam a cum.','2008-05-01 21:07:09',1, 0),
('90','1','3','Odit qui laboriosam porro earum est. Ducimus reprehenderit fugiat tempore ex sunt non qui. Veniam ad consequatur est. Consequatur officiis quaerat quisquam.','1976-06-29 07:42:22',1, 0),
('91','4','1','Pariatur sunt nostrum magnam consequatur distinctio et id. Aut quidem nisi modi consequatur aut. Nostrum voluptatem et eaque voluptates vel nihil aut.','2012-12-29 09:58:03',1, 0),
('92','2','2','Voluptas eaque magnam qui expedita odit repellat. Odio dignissimos quidem labore ut eius cupiditate laborum repellendus. Consectetur id eum nihil fugiat. Aut et et et consequatur.','2002-12-24 17:49:57',1, 0),
('93','3','3','Nesciunt amet inventore corrupti cupiditate mollitia quas aut. Sed iure dolores corrupti eum. Officiis mollitia quisquam deleniti qui. Eligendi qui rem nihil hic ut.','1992-04-26 22:56:28',1, 0),
('94','4','4','Quia perferendis qui temporibus veritatis sint inventore eaque. Error dolores deserunt ex qui veritatis harum. Earum totam ipsa vero maiores nihil illum. Exercitationem totam suscipit atque consequuntur quis aut.','2005-09-07 09:29:19',1, 0),
('95','5','5','Sequi porro itaque voluptatem quae corporis qui. Sunt porro et consequatur animi fugit autem corrupti. Laborum corrupti quidem corporis veritatis. Distinctio dicta nisi laboriosam qui itaque quisquam.','2012-10-28 23:22:02',1, 0),
('96','6','6','Dolorem eligendi sequi et quidem. Laboriosam quia eos fugiat mollitia ut ut illum. Sed illum rem eveniet sapiente qui adipisci fugit. Sapiente itaque ut occaecati ut inventore vero.','1989-04-14 12:44:18',1, 0),
('97','7','7','Cum sed est et qui vitae fugit. Asperiores modi odio aperiam harum quis odit. Harum perferendis blanditiis aperiam quas explicabo soluta non. Adipisci et molestiae corrupti adipisci.','1982-01-15 00:45:15',1, 0),
('98','8','8','Quas quam laborum veritatis quos mollitia quia facere aperiam. Inventore voluptas reprehenderit error laudantium earum. Assumenda saepe quia eos aut vel.','1984-12-06 14:22:28',1, 0),
('99','9','9','Unde tenetur et similique accusantium ipsam mollitia. Explicabo magnam est unde omnis cupiditate et. Sunt eligendi at nesciunt. Reprehenderit sit ipsum inventore sint perspiciatis magni facere.','1975-06-03 01:17:03',1, 0),
('100','10','10','Sed quia odit cum sed modi velit voluptatibus. Quisquam veniam dolores enim. Deleniti sit et accusantium soluta quis qui rerum.','1999-11-21 21:42:12',1, 0),
('101','11','11','Quia autem ut animi rerum delectus debitis amet. Laudantium voluptas natus blanditiis recusandae. Debitis sit optio alias eaque doloremque est omnis. Sit repellendus aut quam in quisquam porro nulla. Quo ullam maxime quaerat inventore aut placeat maxime.','1976-03-07 06:56:00',1, 0),
('102','12','12','Id consequatur quos molestiae qui dicta. Est necessitatibus enim nesciunt rerum aperiam accusamus. Velit sed ipsa et aliquid ut illo. Tempora laudantium vero dolorem aut magni laborum et qui.','2014-09-15 21:57:35',1, 0),
('103','13','13','Sapiente quasi possimus sunt fugit inventore. Omnis nam nulla dolores sed fugit unde.','1978-03-30 12:18:25',1, 0),
('104','14','14','Corporis asperiores voluptatem voluptas libero quia. Et quae ratione harum eum rerum explicabo adipisci debitis. Et expedita vel explicabo dicta quisquam velit. Nisi ut soluta inventore ut ab impedit hic consequuntur.','1981-09-06 20:07:37',1, 0),
('105','1','3','Asperiores aut quos vitae qui et voluptas incidunt. Nobis beatae vero architecto enim et ullam odio. Et aut laudantium assumenda beatae nihil excepturi cum. Impedit ea ea consequatur reiciendis aliquam vero.','1987-03-24 13:08:12',1, 0),
('106','3','1','Repellendus provident sit quia reiciendis dolore explicabo reiciendis. Quae temporibus qui aut quia id ratione. Natus minima et voluptas enim quaerat.','1987-02-22 20:45:59',1, 0),
('107','2','2','Et dolores cum enim repellendus sit quibusdam. Alias et expedita quam qui doloribus. Veniam architecto architecto unde reprehenderit eos eos sit. Ut quidem provident quia soluta et. Vel quo aspernatur rerum cumque quod facere qui.','1970-10-22 11:38:10',1, 0),
('108','3','3','Nisi ea blanditiis voluptatum omnis illum aut voluptatem incidunt. Eius ut a rerum consequatur repellat expedita velit. Deleniti qui tempora reprehenderit explicabo veritatis corrupti similique.','1988-06-23 01:08:23',1, 0),
('109','4','4','Ipsa exercitationem accusamus perferendis mollitia libero odit impedit. Aut recusandae voluptatum ut omnis eius. Doloribus voluptas est amet cupiditate sequi.','1999-07-09 01:44:38',1, 0),
('110','5','5','Beatae numquam nihil aliquam distinctio. Cupiditate nisi quis dolor eum eum animi autem sit. Ipsa quam quo molestiae a voluptatem consequuntur sed. Eveniet porro maxime dolores reiciendis iusto perferendis est.','1991-12-30 11:02:30',1, 0),
('111','6','6','Debitis facere cupiditate rem. Laboriosam magni nihil laborum consectetur. Et quam soluta et officiis. Dolores tempora qui quae quis ullam suscipit. Reiciendis expedita laboriosam ullam non quasi aut.','1993-01-02 01:34:57',1, 0),
('112','7','7','Sapiente quia soluta ut consectetur sit vitae. Sit a veritatis atque rerum. Delectus sit est suscipit atque sed. Aut laborum ut magni aut itaque qui quis. Eaque debitis commodi debitis id maxime.','1973-05-13 11:16:01',1, 0),
('113','8','8','Exercitationem officia nisi repellendus. Libero quo et voluptatem laboriosam ducimus rerum. Quia quibusdam veritatis ex quo. Vel rerum est sit fuga.','1970-01-09 12:06:28',1, 0),
('114','9','9','Molestiae asperiores voluptas est vel aperiam. Dolores sed incidunt est doloremque est deserunt. Eum et quo at autem.','2005-03-22 14:19:33',1, 0),
('115','10','10','Possimus libero blanditiis et asperiores blanditiis. Et qui est iusto aut. Ipsum et voluptatem expedita magnam deleniti. Ut fugiat quisquam quasi doloremque. Dolorem cum repellendus quis voluptatem nemo id.','2015-04-14 11:07:09',1, 0),
('116','11','11','Praesentium eligendi quia libero. Ipsa veritatis earum impedit eligendi repellat fugiat recusandae. Et quo repellat impedit nesciunt illo. Placeat qui quae odio vel neque corrupti ipsum.','1971-05-15 07:29:54',1, 0),
('117','12','12','Nesciunt nobis minima qui sapiente porro rem in id. Asperiores doloribus ea necessitatibus rerum nisi. Incidunt earum sint aut dolorum. Quos qui voluptatem dolorem labore sed praesentium nulla repellendus.','2006-04-30 03:19:25',1, 0),
('118','13','13','Iusto ullam nisi similique. Quasi voluptas enim eligendi.','1981-09-18 00:07:12',1, 0),
('119','14','14','Quasi dolorem ea et voluptatum placeat qui. Quo enim iure quaerat nostrum veritatis saepe eum. Dolorum libero cum eligendi et voluptatem.','2011-11-29 23:19:29',1, 0),
('120','3','1','Sint consequatur qui quia. Labore fugit et nam suscipit earum. Quia vel cum et recusandae in.','1974-04-16 22:42:37',1, 0),
('121','3','1','Sit aut aut quod sed veritatis. Veritatis molestias molestiae eius tempora doloremque. Incidunt odit aliquid temporibus odio.','2005-04-12 03:23:34',1, 0),
('122','2','2','Aut tempore magni quia. Deleniti id itaque aperiam ab commodi enim impedit. Nemo est eos id quia nulla non. Voluptatum et temporibus consequatur aperiam nisi et.','2013-06-07 21:26:58',1, 0),
('123','3','3','Quis qui minima ea rerum quia dolorem. Consequatur blanditiis aliquam et quae ratione. Corporis inventore cumque nisi. Aliquid blanditiis distinctio rerum amet. In odio id cupiditate laudantium.','1972-02-27 11:39:07',1, 0),
('124','4','4','Qui error consequatur et dolorem. Quisquam voluptas quod corrupti sed voluptas saepe enim. Quasi soluta qui nostrum voluptatibus veniam est cupiditate. Enim eveniet autem ullam non dicta error ipsum quod. In ipsam aut necessitatibus ut vitae rem ut.','1976-09-04 00:17:45',1, 0),
('125','5','5','Ipsam sit aut minima vitae sunt voluptates velit. Et eaque accusamus qui et rerum. Quasi debitis qui aut excepturi voluptatum vel.','1972-09-20 07:58:14',1, 0),
('126','6','6','Rerum itaque nam et a. Voluptatum perspiciatis iusto dicta eos qui sunt suscipit. Minus dolorem optio dolore laboriosam repudiandae.','1978-10-24 07:50:07',1, 0),
('127','7','7','Voluptatibus necessitatibus est et. Voluptatem alias inventore inventore dolores. Quia unde doloribus omnis pariatur. Eum ut quam et ea et non similique. Sit soluta iure natus veritatis.','2007-08-25 18:25:20',1, 0),
('128','8','8','Voluptas et tenetur illo occaecati quod. Culpa omnis ipsa sit pariatur enim. Et beatae atque adipisci. Culpa eaque ratione iste minima necessitatibus.','2011-09-18 23:46:15',1, 0),
('129','9','9','Aut iure ex reprehenderit et laboriosam tempora. Autem voluptatem veniam iure nam consectetur quas. Vero eius error ut sed. Pariatur ea laboriosam itaque eos dignissimos et quis.','1975-12-07 01:10:38',1, 0),
('130','10','10','At ad dolores in accusantium beatae asperiores. Voluptas tempora temporibus temporibus provident. Recusandae incidunt ut neque aut et.','1997-06-18 23:34:08',1, 0),
('131','11','11','Et atque fugiat vero. Ut et sed id temporibus. Temporibus nihil iste et temporibus laudantium sit laboriosam. Nisi temporibus dolorem tenetur autem qui ex.','2010-06-08 04:46:28',1, 0),
('132','12','12','Aut exercitationem ut itaque placeat. In dolore aliquam a dolores aliquam exercitationem explicabo. Quisquam amet itaque nisi quasi.','2001-01-03 09:48:35',1, 0),
('133','13','13','Ea autem sint consequatur officia nemo. Nemo dolorem rem voluptatem et maxime. Et aut et quam. Quaerat sint non aliquam voluptatem ipsam.','2009-05-27 07:01:13',1, 0),
('134','14','14','Esse voluptas similique voluptatem aliquam earum hic minima. Aut omnis dicta dolor. Ut qui ea rem laudantium repellendus. Error delectus qui deserunt fugiat.','1998-07-13 09:20:34',1, 0),
('135','1','3','Consectetur eum sint repellendus sed consectetur vel. Eaque quasi ut vel eum minima earum.','1995-10-27 14:43:57',1, 0),
('136','3','1','Maxime ipsa quod beatae alias perferendis delectus eveniet inventore. Possimus quia id et earum. Eaque non deserunt dignissimos consequatur similique nemo et. Ut praesentium voluptatem temporibus molestiae voluptatem. Accusamus nihil nisi deleniti.','1983-10-23 02:16:25',1, 0),
('137','2','2','Ut necessitatibus et et ipsum in deleniti nulla. Dolor rem nulla illo occaecati laboriosam porro occaecati. Maiores delectus saepe vel iste dolor et. Cupiditate quo reiciendis eum dicta.','2004-03-25 09:01:14',1, 0),
('138','3','3','Voluptatibus et consequatur error aut culpa fugiat laudantium. Quia sed architecto et dolor sequi possimus et. Nisi cupiditate et eaque est nihil sed.','2005-06-18 18:24:05',1, 0),
('139','4','4','Consequatur qui corporis consectetur et qui blanditiis. Blanditiis unde molestias fuga porro autem quia in. Praesentium occaecati possimus ut id. Rerum aut eligendi voluptate vitae aspernatur rem.','2011-01-14 09:51:24',1, 0),
('140','5','5','Quae modi ut dicta optio. Quas soluta aut id mollitia impedit dolores. Harum voluptas iusto accusantium id. Earum dolores nesciunt ad.','2006-06-13 07:33:33',1, 0),
('141','6','6','Officiis ut quam qui ea possimus. Nulla itaque quibusdam cupiditate fuga. Sit molestiae iure soluta qui molestiae sapiente.','1997-01-18 14:43:57',1, 0),
('142','7','7','Culpa quia iusto hic tempora voluptatem quia quod. Error earum rerum ducimus. Expedita quidem sunt qui ut occaecati maiores sed.','2008-11-26 17:20:20',1, 0),
('143','8','8','Ab mollitia possimus perferendis magni in et blanditiis. Voluptate sed deleniti commodi eos libero eius nemo. Iste expedita laudantium nostrum magnam id in.','1978-04-20 18:11:42',1, 0),
('144','9','9','Ut sint non eum quia ut eligendi. Vero qui animi atque qui quae aliquid. Et temporibus repudiandae sed accusamus. Iste dolores sit ut voluptatem est itaque.','1996-06-20 22:18:44',1, 0),
('145','10','10','Error et non consectetur quo et quam sed. Praesentium velit voluptatem voluptatibus autem suscipit. Ea ea quasi et et voluptatem nobis cum. Nesciunt fugiat qui dicta dolor dolor asperiores et.','1975-07-17 00:25:44',1, 0),
('146','11','11','Ut natus ad molestiae. Suscipit perspiciatis aut dolorem qui. Velit velit nesciunt sint modi vel voluptas esse.','1997-09-16 20:24:52',1, 0),
('147','12','12','Et officia repellendus et et. Enim inventore et qui fugiat. Voluptatem ut omnis perferendis et sunt quo. Sed commodi sint temporibus quia eos ut.','1983-05-18 13:46:25',1, 0),
('148','13','13','Accusamus sit qui maxime vero est vero. Nobis dolor quia aut aperiam. Odit nemo qui omnis asperiores necessitatibus unde autem.','1977-05-04 17:06:52',1, 0),
('149','14','14','Quia et non aspernatur officia sunt et. Nihil fuga impedit officia. Repellendus in nihil sit asperiores. Eos quam doloribus et iure.','1973-03-23 21:19:07',1, 0),
('150','3','1','Inventore autem labore mollitia quibusdam. Eos commodi ratione eius ut et vel non. Reiciendis vitae nihil officia. Minus voluptatem alias quod impedit. Distinctio qui quia itaque at.','2018-08-06 04:23:38',1, 0); 


-- connections
TRUNCATE TABLE `connections`;
INSERT INTO `connections` (`initiator_user_id`, `target_user_id`, `status`, `requested_at`, `confirmed_at`) VALUES
('1', '1', 'declined', '2014-05-04 13:24:23', '1988-11-26 07:47:28'),
('3', '4', 'unfriended', '2005-01-25 01:57:25', '2006-02-16 14:13:17'),
('3', '9', 'approved', '2014-09-15 14:21:11', '2016-07-04 11:26:54'),
('4', '10', 'approved', '1977-03-16 13:06:18', '1975-09-05 21:51:41'),
('5', '9', 'unfriended', '2004-10-29 18:30:50', '1987-03-04 20:22:44'),
('6', '7', 'approved', '2015-07-14 06:26:43', '2012-05-16 01:16:24'),
('7', '7', 'approved', '1979-03-21 07:34:23', '1972-10-18 22:13:10'),
('9', '3', 'declined', '2004-10-19 12:57:07', '1973-10-08 21:10:00'),
('9', '6', 'declined', '1994-05-31 02:02:33', '2006-06-09 17:32:15'),
('9', '9', 'unfriended', '2019-06-23 07:47:03', '2004-05-16 05:36:42'),
('10', '4', 'declined', '1983-09-28 08:22:54', '1992-09-05 14:24:20'),
('10', '10', 'requested', '2010-09-25 22:46:01', '2007-06-07 01:25:55'),
('12', '15', 'approved', '1978-04-12 20:06:23', '2006-02-18 04:05:00'),
('13', '14', 'requested', '1976-02-04 04:21:38', '1982-08-10 00:29:48'),
('14', '14', 'declined', '1995-10-14 21:38:07', '2000-01-07 16:42:01');



-- recommendations
TRUNCATE TABLE `recommendations`;
INSERT INTO `recommendations` (`recommender_id`, `recommended_user_id`, `recommended_to`, `comment`) VALUES
(1, 12, 1, 'Facere ea minima est impedit dolorem soluta accusantium.'),
(2, 5, 1, 'Nesciunt repellendus et deserunt odio esse illo.'),
(3, 14, 2, 'Impedit et nihil corporis fugit.'),
(5, 5, 1, 'Harum et similique cum porro illo.'),
(7, 1, 3, 'In id eveniet velit fugiat unde voluptas.'),
(8, 1, 3, 'Et rerum repudiandae aut vel dicta nihil qui.'),
(10, 2, 1, 'Esse autem velit molestiae et et consequatur.'),
(10, 7, 1, 'Quia ullam qui quis cum.'),
(14, 1, 3, 'Impedit nostrum voluptas eum voluptatem fugit excepturi accusamus.'),
(15, 1, 6, 'Deleniti vel quia et accusamus.');



-- skill_approves
TRUNCATE TABLE `skill_approves`;
INSERT INTO `skill_approves` (`user_id`, `skill_id`, `created_at`, `comment`) VALUES
('1', '76', '1978-06-10 06:53:11', 'Earum voluptates voluptas vel architecto dolorem. Et rerum tempora consequatur veritatis recusandae vero. Reiciendis doloremque saepe iusto est delectus. Illum quod sint cumque molestiae dolore voluptatem.'),
('2', '5', '2018-01-06 16:38:21', 'Qui ut molestiae eos suscipit nihil. Ipsam saepe nemo sint et.'),
('3', '9', '1997-12-19 03:27:16', 'Ut qui voluptas veritatis ut rerum debitis mollitia. Et deleniti molestias nesciunt repudiandae et.'),
('4', '76', '2014-08-13 02:16:27', 'Id et iste magnam velit doloribus quos aut. Dolore sit est in expedita. Veniam dicta ad quisquam quae nobis. Architecto laudantium dicta eius.'),
('5', '8', '1975-02-10 14:47:31', 'Cupiditate non quos et officia. Sed eum ut sunt corporis consequatur ea consequatur. Rerum autem consequatur quaerat.'),
('6', '7', '2000-12-24 09:31:12', 'Voluptatem nam iusto incidunt ex. Occaecati debitis nobis non. Quam quis tempore id quasi ut et. Cupiditate hic ullam nesciunt error dolorum officiis.'),
('7', '4', '2006-01-10 22:45:12', 'Exercitationem consectetur in est eaque reiciendis vitae exercitationem. Dignissimos voluptas et laboriosam velit consequatur quasi sed. Distinctio et dolorem quod sed recusandae.'),
('8', '9', '2002-05-11 23:22:44', 'Sunt qui nulla dignissimos. Unde id quis aperiam et repellat sed. Explicabo non hic cupiditate sunt.'),
('9', '76', '1990-10-19 14:02:56', 'Ut illum ab laborum omnis consequatur expedita laborum. Dolorem voluptas voluptatem repellat quia. Quas perspiciatis enim quia non et ab numquam.'),
('10', '9', '1976-11-07 08:08:33', 'Est quam molestiae id beatae et et. Fuga mollitia rerum eveniet voluptate et aspernatur ullam.'),
('11', '9', '2004-12-02 03:10:06', 'Distinctio quia aliquid rerum ratione. Debitis commodi alias quibusdam fuga beatae. Voluptas est quia corporis.'),
('12', '9', '2011-09-27 10:48:35', 'Excepturi molestias quasi provident corrupti qui. Et veritatis harum qui adipisci a. Omnis quis quibusdam et in vel.'),
('13', '1', '1979-07-08 14:25:50', 'Quos sit praesentium expedita adipisci. Laboriosam porro et officiis repellendus repellat est voluptatibus. Sint sunt sapiente porro minima enim quaerat. Et recusandae aut assumenda quia occaecati illo sunt.'),
('14', '76', '1990-11-27 05:51:52', 'Quaerat doloribus quia sapiente blanditiis voluptas quod voluptatum non. Dolores aut sint alias. Quibusdam ut voluptate assumenda rem deserunt enim rem.'),
('15', '7', '2016-03-01 21:47:56', 'Voluptas qui neque assumenda optio ut facere qui. Delectus dolores et quia minima aut. Sunt dolorem expedita qui quo vitae.');